id,answer
ef24f39f-aa85-4515-94ce-aee4403affc9,兩條母親河
4caa7e6a-9426-44fb-a0d9-7c55d12acb94,青海
87783305-0a8e-447c-9221-fdc42d58b5f0,山東省東營市墾利縣
9fe9ed18-f9df-426d-aaaf-8702b2823ef7,黃河中游
a73a4429-c284-4421-a9b1-461de2aaeacb,黃河泥沙量大
d08d2f0a-e8a2-4f5d-980c-5bad4a2b434b,大堤內成
773b548f-7cf7-4300-9a6b-1f09ab06ed80,黃河
eeabd36f-9e73-4e45-a304-341a4715ce4e,凌汛易於
3a7dc5f5-bdf3-438d-8d3f-ffbf529d6326,南宋
cecf444b-7b6f-4944-88f4-287f688e269f,日軍
e7b1ee07-dd6e-453a-ba1a-bd0d1fafa7d3,26次
222fff61-bbb6-4052-b044-7d85d7fd0c42,唐宋
ad6aa1bd-bafe-4407-ab5f-29a2eb3908b6,《河源志》一書
141af4ce-2aec-43dc-854b-448478d15a78,《望河源》
7da7203e-8f50-48a9-93ed-30bfb4bfd795,董在華
ab2793bc-c5cc-4360-b7d8-202d652bafe5,雅合拉達合澤山
7d1df868-80ae-4783-b201-03302b6d2937,1978年
2469cecb-ad84-4cf2-9fe5-4931676a0c48,1985年
18351b3c-880e-4eb3-a815-51680c378e9d,扎曲
b44e2ccd-8aac-4c18-9c59-1a67a2c2def4,星宿海西
08eff96b-e922-43af-bc73-b22dc34693a5,扎曲
921d3575-0a07-4573-81d7-bfcd8145a331,卡日曲
97b4dd2e-85d0-4668-b0ce-653ee53e4ec4,楊聯康經
05c1d085-4f0b-49ad-a099-861c72c17c79,河道
279b296b-081b-433e-97a8-5b3176721634,水多沙少
d6669f38-020c-4a64-b919-b75b2af58e20,上遊
58fb8e3b-5bcd-4cfd-82b5-5b3918bec7f5,108億立方米
ad115e74-e1d0-4f64-8bc9-ec2ba8e31f2a,四川岷山的支流白河
0c3fa6b7-a50e-4358-b980-a9450a58c03c,岩石性質
0eee6ff5-d251-40a3-b177-716d99d79adb,寧夏
dd338cf9-a523-404f-aaab-86a903026f90,沿河
392285ba-3a9e-47f7-a96b-67a379e25875,河套平原
7eb129a2-f400-4efb-b654-26cb157dc38f,銀川平原
41b9451d-98e6-44d6-b212-ce581dbb6db3,92%
ce842c25-f3b8-40ac-bfb9-4b562978803b,水力資源豐富
6f909a75-1d30-4d81-803c-0186432bc028,150
02f283e7-6f64-4d9c-a18d-3c6bc59c13dc,「橡膠樹
1d302593-3edc-497e-abbe-b9114b36d443,雜交的傾向
d29c6dea-9ffa-46ca-860d-17935d9ed0c5,不能防水
02d30eef-bd34-457b-8c63-402badee28a3,本綱
059c2698-7b22-4a06-a31a-1ad5d975224b,下頜
3aeae3f3-2a63-4625-9806-a19fbee9fbc2,無頜總綱
fa230ed2-5184-44ce-a4a3-63e50d42df64,與鰭甲型
8750b8e1-b15f-4a30-91ae-0f5a76a7e9f6,頭甲魚綱
70561c81-bb17-4e8e-9483-8474eb580348,壯語
7c8d5a90-fc06-4fa1-9a32-fe5c25cd2363,壯語
09c93296-a980-412a-9766-a561f3ff72c5,壯語
62076938-b49b-40b3-813c-5141495837cc,廣西
04fc76b7-cab4-4a73-b5d4-3b3ca827d726,標準壯語
ee09b30a-5ba6-49e7-9f9e-73296b708898,漢族政權
18a19b8e-d1ec-423a-a1c5-0ac81c8916e1,前112年
7cd45304-08c9-48f3-92e0-8c71d6310d63,5世紀
4bb5f7d2-67f1-4308-8975-36ac42df0d6c,總體上以壯語
a50af5fc-ea64-4bb0-af84-2ac112c978ee,漢字
26776d75-5e03-4c14-b2c9-869dfeb202d9,1949年
1c47fa8c-3ea3-401e-84e9-d6e8073dd0dd,拉丁字母的拼音文字
278f367a-d43f-4485-8e5b-6d420083019a,壯語北部
9b3bb21b-c79a-4d17-8fe1-8da959263b40,2500萬
ccd0c00f-e4a4-4870-a502-544a3c1e4ab0,2500萬
f72605e2-4ddb-47cf-8545-302fba23fbe7,孟買港
c57dd824-073a-42b4-9537-b1ec6b830eca,印度各地的移民
8f284cf0-396b-4ed2-9d52-64905510bdc4,小島
bbaf4a58-97db-4fdf-a717-24d0b9111ec8,島嶼
4d13abc0-4044-4fcf-b95a-17730f916419,希爾哈拉王朝
3348f4e1-e36e-42d7-9213-1c1bd81c2480,深水港
5f269b61-60c6-4298-857e-3398fbf3113b,蘇拉特
8091006c-5651-4daa-a34c-d65ec2ca6874,霍恩比填海工程
aade2f0c-f232-454e-ba3f-ace5064a1578,1853年
3d177a64-641f-40ae-8524-126453c319a7,蘇伊士運河
38bfa5d2-3867-4626-b644-365a16ed80cf,1906年
bbc7df41-b069-473e-9ab9-45d55beb009a,印度運動
be9a5e3c-0af7-49be-9d1b-de2347e4d6b1,印度獨立
d4dce092-3184-41d4-bcce-030da35c8278,馬拉地
5e757a4b-46d1-4573-a162-bbc723e5ff16,印度
bb2d254c-e164-4229-88bf-bf71586fd2cb,鋸齒狀
7ed9272b-5382-41dc-a127-53579486a17c,東海岸
f0eef571-adaa-4ec0-8865-459f5f5e91e9,兩個
7e7a543b-6c0e-4b3e-b1f8-5386f03d7dc8,季風給這座城市
3e4f9057-308a-40c4-a745-90e434816db3,季風給這座城市
98e42859-7829-44e9-9b4a-bff289065f7d,隨之而來
1dae2978-e67b-4cfb-965e-cd3c5a836081,缺少汽車停車位
af0efa9e-a0c2-47e2-89ab-c037b3ce6d47,海港線
718c771a-8e88-4655-93e9-cbd4b7a4d9d8,英國人在印度
733fcc55-7a00-4dd0-9b46-d187261e7d39,舒緩現有交通網
5c0038e5-fb5c-4607-bcc6-2199d1a5b8b8,黃色出租汽車
7ad9edd5-0484-4e49-ab4c-1e2eb1cbfec3,賈特拉帕蒂•希瓦吉國際機場
69933ab8-90a7-4a3c-9002-8412c37ba141,珠湖機場
61e5d4ab-9a3c-4f17-947a-a727de208684,印地語
65968b26-fc31-4ee2-b54a-ef68e1fef739,英語使用廣泛
a6460242-9294-4379-8339-50d2ff7f36a1,快速增長
f66e74d8-9247-4cd6-a45e-c4074a77cf81,孟買
40095bc7-8847-48a5-8a32-4882e4933ea2,1980年代
a05b51dd-655a-4aa1-bf98-5f789244e1e7,蛋白質組學
49fe9a48-328e-48d8-bd1b-2b8cc278f65e,性提示
d8394dcf-dd97-48bd-b19b-022aef195260,《易經》
744de74d-cf07-4d12-ad41-5e3d39d70ec2,陰陽
c43d7278-e722-4a07-aa25-96bfbdde8735,陰陽
546f44b2-c7f1-4b6b-85d0-25239b80dff7,四庫全書
699540b1-9199-4dd8-a137-9c40ef73fa7c,《歸藏》一書
4ccbbe20-40dd-43ac-aeae-3c732f8351ce,司馬遷
80a0c6f3-6b1a-451f-957a-8ecb386866f1,周朝的歷史
e73b2de7-6412-440a-9afc-0ef149ead80b,《十翼》
809c253f-5e59-4ef2-9260-26403aacec91,春秋時期孔子
25398459-e950-49eb-9da7-fde3c337a869,漢武帝
fad1769f-6ba4-434a-a4cb-e1d30a1919c5,歐陽修
79552f4e-f043-4640-9210-f3f3e98055c7,醫術占卜之書
3d854c16-89a9-4d71-a935-79541ca0dd7f,宋代
62761a12-e8b2-4e52-b982-376660beffdb,義理派
6078dffb-ff28-4d4f-9b93-fb2c34c66bd5,義理派發掘周易
0fd7a4fb-df8c-40d5-b5bb-be2c04d7af5c,葉門民主人民
26d4933c-04e9-494a-9e67-2e404147a0e2,1962年
a4087e56-7ef8-497a-b162-a4c25d0b7d10,英國占領亞丁港
b3b34bd7-a7d7-4805-8cc2-0ba0bb0ab6a2,1970年
be4de1af-3b01-42d5-be4f-589d291e0daf,恐怖主義
a92f2bb9-058c-464b-8679-8025b922be72,薩利赫
9282b5eb-4263-431c-80dc-ff18be2acf90,聯合國
69e23f2c-7408-4833-a874-1498fdf98e99,反對
6dc20dca-b538-44ef-8641-617f1131bca6,哈迪
6b9ae6e2-16f4-46c2-aab5-04da994256ca,沙烏地阿拉伯
2914a32b-a441-4019-ba48-a6219fdd7458,北葉門
bc7653bd-c154-4c42-96e5-341c98e7c68a,哈杜爾舒艾蔔峰
ed9f48f7-73ce-4f4b-8360-32e2534ec407,東部
948e5193-e362-47f1-94d6-16925a0a4c82,缺水並不適宜農耕
81d0303d-47c6-4e8b-885a-f534549cf77f,過度放牧
54fb5e73-94f7-45e4-a453-cfcff61263fa,薩利赫
74997d59-ea74-4b70-8f87-b7b58f933862,政府軍
c55e62b9-500a-458c-aeee-7f6d48cbd6b1,北部民主派抗爭與南部激進伊斯蘭好戰團體
c961a842-546c-49e2-9c9b-7155721cbe05,2007年
c035840a-272a-42c3-af95-42bf2fce3580,沙烏地阿拉伯首都利雅德
d93fb643-4ca7-4902-b139-203134970eaf,沙烏地阿拉伯首都利雅德
b6f84987-3586-4e07-9922-069a78f7d811,哈迪
152c8111-8fa8-4a14-9209-e867b23a6d96,哈迪
b94baabb-bb50-4832-9fea-f8a960ccea07,十餘國遜尼派
9c751678-2142-463e-af9c-4cb1a7274912,石油收入
f74c6378-6a59-42bd-89b5-6718b0c0a2f6,茶葉
d945ff7f-0f36-4339-9a44-f77ecc88ee3a,阿拉伯
dbd88c8f-fdb2-441c-aa22-51a26af95cf2,亞丁市建
f34ed652-0673-4fe1-a79d-954c3eeaa8f6,韓非子
b597b6b8-27e8-43b2-aae9-30aac0ae6696,重商主義政策
9403fc2f-059c-48fc-b843-26c84646c1a9,兵不血刃
dded30dc-de9e-47e0-9c62-e9b96462b275,管仲
ed3ff016-4b9d-4fba-a1f6-a605be11de53,缺一不可
b2a96f3a-3912-41a8-8118-e046376fd39d,儒家荀子
6da82128-ff03-489c-9698-844ac046aa52,《韓非子》
9b5d7547-121e-41c0-8254-b18e6000b643,李斯害死
83d4abb2-70c9-44a8-9ac0-d0d7c024dc53,漢武帝劉徹
3d83dc8c-6153-4976-9850-aa4c0163469f,儒家
a294a8b1-bbac-483a-9e7e-1e0145d563ee,法儒
64345fdd-242a-4c1e-995b-87df2bf54c07,荀子
7277aee2-c2a9-482a-8eee-2bad3b5d0377,君主專制中央集權
0766328f-7846-48ad-9b50-317d93995afe,大一統
c9865a37-83a4-4882-9bf4-4e7aac75e207,君主專制主義
ed77c253-6b2e-4061-bb9c-3b859ad698a0,47萬平方公里
b533757b-fcb3-4e5a-b9e2-a68065d31930,沼澤地
bafa4ac2-9ecb-435b-ace1-e4a3b64e8ae0,麻六甲海峽
581b8f32-e6e7-46ac-8af0-66136dec89ff,石油
c8db317b-8c89-4f0e-a29b-169acda28442,印度板塊
522112e9-8c65-4b76-9ada-5462ce48fc8e,蘇門答臘西部
80a3136d-0aff-4fd9-9cd7-834c66ed2609,八萬人死亡
e23b5240-6c9c-45e9-8772-294b70bc51c8,梵文意思的「金島
09772cc9-0b41-4638-a526-0d4521831cef,印度教
45c1fdca-c1da-4ce6-b236-2257db244e42,雅利安人
3fdf84ea-d4d3-49ad-a975-cf818cad0692,交往
c8ebb861-212c-42b2-96f1-129b33c6d0e8,印度王朝
6e702e5f-5223-4b0c-92c6-055746bde062,摩揭陀國
8c7ae130-dcef-454a-b7ed-0eeee0d98c4f,政治史
74220959-63af-4a54-8633-04dedd45ee26,北印度
784d29b4-641d-42f3-a8a3-ce096a5672c2,印度
3691a57d-fb34-478d-b41a-07a15d7596a3,波斯帝國
fb3bac8a-0d33-46f2-9ef6-ef83c8329c38,月護王
a86710b7-0ad4-4a67-b756-9b117d88718f,亞歷山大
15f39fa2-1a58-412a-b30c-91cf58b18215,阿育王時期
72c2b573-7f27-4399-a09f-f3fc3e22f66a,塞人
013b905a-c714-4deb-92f2-b4811928114d,北印度
86f78c5a-271c-4854-9827-a275e558ab13,孔雀王朝
6f8bd9b0-159a-413a-a0c7-bdc3327c6d79,笈多王朝
3d342d5d-7c17-4e0d-ac41-7b388cc5d333,中亞的突厥人
6dfbb9af-ddb4-4c85-875a-b6faa281d6d2,1192年
94c229df-e8d0-476b-97a6-fcba96a71b83,蘇丹
de6f825f-26b0-4879-ae3f-fd460d03ab84,印度
99999f43-a8d5-45b7-9e6f-bfdfe1218b4a,中亞
75810ee0-4cc5-4346-92fb-4e0bd6e901de,帖木兒
8e7541d3-23c9-46ab-9871-19a1e0db6644,旁遮普
67f6eda5-4221-4e8f-bc01-0f07e27401df,德里風格
cf405082-2f50-4c6e-9bd2-d96b4514fe20,烏爾都語
d48658e7-d908-4c14-9416-f8479ebc3f28,帖木兒
6ce461ce-e6fe-450c-86c7-0d9e14a1eab6,巴卑爾
d5b5dadc-12c6-41b5-a76b-a96f648e0ed3,巴卑爾
a81d7d27-8751-4757-81da-4aacc041b5c6,舍爾沙
d782f60d-afe8-4d84-891d-5a8ee743406c,奧朗則布
f985b846-59a2-4ba2-a4fb-45886230c2d4,法國
59debfca-9ea5-4053-ae89-4ae68b662f1e,蒙兀兒帝國
44277462-31a2-4981-8789-53566f2105ef,艾哈邁德沙阿
989e57ee-6359-4c05-8518-7df62b6f45dc,普拉西戰役
b7f1ddd4-ff58-44a9-8d0a-30a94861bc86,布克薩爾戰役
c1900bb5-0086-4401-b49f-c4964603b403,沙阿二世
c316ca5a-c0fb-4ba4-92d2-80e6226d3ad3,《改善印度管理法
f60257ce-644c-4bda-8258-29fe46b3695a,英國人
b5023b83-1b90-405a-a12d-449136ac1afd,政治
2cd539fe-f49e-4afe-bce0-bf450fbf798c,穆斯林聯盟
12c7425a-37a5-4f2a-927f-f02b4f51e8c1,英國
5efc0721-763f-41bc-b01c-662a6fa40ad8,克什米爾爭端
ac285320-8607-4fb7-a091-ac00ad598beb,尼赫魯
1669d48d-d2c2-492b-813f-b6f44792cc37,21世紀初
6ffe7ab6-462b-44bd-9dbd-c27b3c5b4c61,英國人
cad34aaf-7db9-4699-8b43-20b41a011493,北方平原
2baf1859-2ff1-40df-8345-9f6f293f9a4f,阿拉瓦利嶺
6c2471b8-7820-467c-88cc-ff1ec590cc13,德里
ea103165-8cf4-4608-af07-15ff81e9d2c2,山脈
265f6b86-3f43-453e-bf2e-7ce2c0bba420,印度歷史
ad05f34a-fcf9-4c0b-9d2c-e16f9b95d228,穆斯林
4d9515df-5316-4e25-b7b2-f1126f26e2c6,印度人
157efbba-9bd1-45a5-88bc-7a1b5e9468cd,雅利安人
989a1411-105c-46f0-b307-8ed7a64bccbc,印度河流域文明
f66aec00-a365-4577-961a-42e07eb767ff,泰米爾
a4aa72ba-4d6f-405c-963f-9255b6cc872b,第二冰期開始
b53a2901-8a61-4fd8-a433-4a5fff472381,馬德拉斯文化
4204b317-539f-4b33-8739-98efc220449d,拉瓦爾品第
a0b3f42a-6a9c-47bf-8789-82de59cc05af,砍砸器
280e4eef-9fdc-452b-b605-472f56c0c6ed,羅赫里山
ee42b811-9bae-4706-8870-c106e0c6e54f,利用經初步打制的石核
c6dc15f3-a20c-4bf8-aaf5-94635b53e0a1,採集為主
fdcae888-1a27-499e-a0f0-d3c3e0cdc50f,舊石器時代居民
4936e899-5bbe-457b-adb7-e2b3e5da7e28,斯里蘭卡
a54acf86-b023-4b5c-8acc-e725cfaa2161,朗格拉傑
5df677be-db39-4d44-8892-44362ff77045,採集
06e6a313-d08f-4287-8bdf-d61769968120,金石並用時代
1c46bf42-3268-464f-98b7-a1d338246539,骨器
f83e0ef7-94f8-472f-8bd0-71c46aa3d414,紅銅
ca71be18-64de-4a23-9ad8-b45c6f4da75a,哈拉帕
8306b5be-1e97-4c04-8d80-9f7b3c2c32c2,玉石
8bfcc24c-ec6a-459c-978f-f29740b9d7ed,西北方
f94ad47f-b58a-41c8-8398-c36a7c74ba3e,吠陀時代晚期
df9c6a36-dbbb-4880-9b66-69be17107aa9,婆羅門教
8653f4f2-138f-41c9-8e42-80a6f15df399,佛教產生於這一時期
eaccf25f-9c44-4b19-ab24-d6e0fcb1970d,耆那教
4e9ed413-d5c2-4a5e-b2a7-54956a361ceb,10電子伏特
ddefb972-0a63-4ce1-97a5-5c26e38cae5a,10電子伏特
6a7149a0-9f43-4f94-b9a1-51848df6df0f,足夠高能量
ecd4f41f-9ded-4e9d-995d-f9c26c17b1a7,電子被游離輻射從電子殼層中擊出
a1262134-47f8-4988-8172-5705fdd1279a,「中子激發」
99e1e381-db02-4b2c-9c3c-2f524bc2772d,氫核之物質掩蔽
aaa3e4e8-096e-4c75-8232-5ed6c36b5f5d,較大
5df01ae9-39fe-4125-ba3e-6cc7421b21b7,二十世紀四十年代
2a0e0052-3319-43d9-bbd9-c029614a9c73,凝聚體物理學這一新學科
a71f5e35-23d4-4961-8eb9-20f0f2015036,貝爾實驗室
3978ee37-c4ed-4b05-9933-6acce4c441c5,真空裏
47d9455c-0ab5-468a-8c68-cf4d7f05771d,同樣的機制
6f55f945-ecae-44ff-9028-f54a4c9317ce,德汝德模型
3fb8b2ae-5ec8-448d-a93e-3ece2cf096db,德汝德模型
102ce4b9-af9d-4881-97ec-d798239d8795,氫氣
910856e8-be7a-43a3-9af5-8d544f6cfd9d,金屬性
06aec1fc-c143-422f-9498-480542eb6e07,氯氣
533bf4f5-c4a5-4caa-9d17-e65358cf6be3,愛爾蘭
4fc40282-7668-452d-8926-d20b5abdecfb,金屬
13e93774-1140-4751-9162-823d3ea90b4e,包立
96919de1-e701-41a0-bfab-51a5a347d293,布洛赫
9226c4be-c3a8-4d30-8d89-1e7b3a73603f,約翰•巴丁
d947ed9c-9779-4457-b55c-8a3c23c852c2,電動力學
a317bb1d-9b81-40cb-8aa9-d24f68ee0680,1906年
1d040864-fd8c-4e8f-84fc-9242672d6204,1925年
20e5d8bb-939c-443e-997e-bd2a181b8ff5,磁材料
8a21ded7-c2b2-4850-b730-081378209114,鐵磁性物質
9d2c6bd6-f05b-480b-9011-c40c0c134359,固體內集體
21bf4322-92d4-4d19-8032-b5258908c5e5,固體
468d6395-e22a-4bf2-b7c9-2394a38cda8a,「朗道准粒子」
19927ea5-f3e4-47d5-858f-8bc2e61b13f6,朗道還
67fcd9a3-1509-4094-a459-ff02956e40c1,六硼化釤
aea5876c-c019-4dff-abfb-1bdab3f9ce17,強電子相關性
58ed0d47-7e8f-4761-bd16-9b327b0ef848,複合體
cfc67a42-7344-44d9-8d18-50f26b6a7032,湧現
8f3759f4-af3e-4636-af05-2c96cf60c4f1,研究型
527604ff-25dc-470a-8007-7d718f3d86f7,梅隆工業研究學院
ccda83f5-543f-4608-9569-b7dc19504d16,1912年
aca1479a-0372-4ea0-9b64-9058f1eea6b1,梅隆工業研究學院
47a7e7d5-3319-4092-b8d2-ea3f738bdd5e,1965年
57724efc-1998-4b8d-bf80-8d086f621738,韋恩樓
b2c07f96-66e2-485e-94d3-dce3ce3371d9,功能主義
79b47654-1435-468d-b7b5-bf8c133932dd,1970年代
0790e6d5-84d7-428c-ab90-bbf04572a25a,機器人學
962256de-82aa-499e-a272-070e2c940a48,安德魯計劃
1e23c397-0f22-4841-84cc-fa7a8a3cf287,匹茲堡
34451d84-2288-4e7a-aaf6-de2c4db02a06,洛杉磯
8e040eed-9e6f-44b8-bb4c-45273a8e93f8,紐約
101e149c-6c40-4293-ae8c-f92de5f14f33,黃河泛濫
d117ea62-8932-476b-98c5-1435031b3083,冀魯豫邊區根據地
823be995-855e-4567-a839-eace5f6ce891,1956年
729ce5a2-178b-4f7c-acad-1eaa10132d17,行政院
ea951413-0520-4c4e-b584-d07475887069,發生
d450611c-7a1f-4d8a-9354-1303ac615fe7,事權不一造成許多
4192361d-bbdd-4014-b28b-2eb3cd0d27b9,拉丁裔青年
396a966a-5977-4126-b7da-40c1971294a6,察覺」
4e0172a9-f2b1-4d39-b128-e76ce91b9b22,最初
dcb30bbe-bfd2-45fa-a821-624d2174017a,崔西168
33591b1b-e73e-422c-bf5d-00f092082ef6,布魯克林
a7e4cb1f-527c-4d6a-9a97-4c325111fe0e,《風格戰爭
d6dbc827-1df2-4faa-ab00-a7bca516196a,縣政府
f7d609e4-8855-4fb0-b8fa-ced4699af52c,蕭縣字畫
09299602-7846-47db-b043-1ce918d7c55e,江蘇省
6e0b66bc-2d83-49eb-8b90-f658b989b96e,龍崗山
b624f262-2f13-469b-9c5b-8c69bdaefe58,維護法律
411d2003-74ed-47b5-bbb7-18ff30cb2412,普通法
13c2cf13-ed2b-4225-809c-62aabc122f32,歐陸法系
76a178f9-1f57-4275-b8b6-82efce7a4291,現實主義
9baff68e-7383-45e3-9721-eed0ff8d351a,漢斯•摩根索
beb716fb-9374-4f5c-99d4-39672b09b9b2,修昔底德
a073cb23-c8dd-4e4e-ae1b-b7c482fbd789,現實主義
130795c1-36ad-4c41-9e92-d4fde6ee97f4,齊默恩
05fdf4db-47ba-4af3-b817-d5a680ff6710,政治
c808ad1a-daa2-47df-9523-8db33967b0ec,齊默恩
bcc6fab4-cf83-4d80-b983-6452b6402f48,相反
9370f002-935d-4010-ad83-19fc5cf4b0c1,跨國企業
e4b6b14c-2286-4dd2-9679-57183403c320,跨國企業
7fae4055-dbe5-4972-81b0-9ff65a37bee2,渡槽
d06adf1d-f3e9-4333-929b-bce942a4a7f8,水資源
110f8dc7-9486-437a-90cb-ca39d7b45f15,現代環境工程
678d823b-c16a-4ccb-8d6c-99eb015bf9e3,污水處理
545ec89b-6bd8-4d5e-8cc4-704230123e20,大範圍
13322905-1391-468a-8cd0-f02ada8784e9,DDT
bd373bbf-3040-4ab2-9297-aa356e5728ff,《寂靜春天
205fbca6-80ab-474a-b050-c4965a3bc462,溫帶大陸性季風氣候
72f54de8-4aeb-4645-86ea-dee03ada3c27,煤化工
b7fda5b5-e851-4a46-aa9f-e96d2f97187d,「石材之鄉
30a315d7-fbdd-4c25-b66b-77641c0317c7,上海申花
f47d3c99-610c-4536-843e-1d03cba10b4b,上海申花
9e8916fa-2aec-478a-8a5e-33013b74c808,申花
f9e18d01-e46d-4942-bead-38ecb373f2d6,上海聯城
1b05d070-8839-495d-94f3-f546c6fe67ae,2014年
469de261-7ece-4e62-93c8-6f69d2de0434,申花字樣
fa38b6f3-99f0-4241-b1ef-847861ab1dda,國際司法
b1de03ba-6867-4430-a4d3-b035adf4a8d3,1946年
41dd3159-874e-47da-af27-64b2b1b07c52,11名遠東國際軍事法庭
c2edae5a-f1bd-4386-98c5-43b938a2d692,東京市谷
d0e8ba9a-217f-4c5c-b363-8823361647a0,轉動參照系
e9fed232-fa41-4aa0-9e09-c02f091c62a3,左偏轉
74c76faa-66cc-4766-a69a-427212b3d498,經度方向
3613aeb1-c607-4cb9-b322-3d78d3365a2a,偏轉
dd1fb794-cfee-49ef-af75-b8394d65d46a,67米
a38cd83a-2235-4e35-a689-f92ac6bb6794,北半球擺面
5143eff6-2a23-461b-b14a-d6800ad5c6aa,赤道一帶
4e8f9d33-0ec0-4b65-adb8-7a0da29cfe8f,地轉偏向力不足
5b03d89c-1636-49aa-a543-665b37d31e4a,嘉峪關
5af521c7-8bf2-4041-bd5e-2398a83499aa,中華人民共和國「一五
8a70c321-566c-4f81-a04a-b5ea5fc953e5,1965年
b3fdfbf6-80bb-47f7-a819-b6c2ab31b3b7,中西部
60d0db85-fdb5-4a3e-b2a1-951469cb5f64,綠洲
256b0a8b-b3ca-4a24-97de-db7f527ab8fa,馬鬃山
fd8d63a9-3053-440f-b4cf-7b35213095b5,地理位置的特殊性
aa8b34a4-ce4d-4730-8ad1-29815c9c8787,鏡鐵山礦鐵礦
86d82d4a-5629-450f-9540-2ca3b1046ace,冶金工業
d216514e-9898-4346-9621-9e6baea07372,舉世聞名
0a947587-7ae0-4e15-adea-b95d1c27cc0e,「戈壁鋼城」
628bb972-3a77-4896-8843-3e8847c80678,瓦特
0817591c-e700-4480-8fb7-19134e2e25f7,電能轉換為熱能及光能的量就可以用功率
625c0a34-e4e3-4b89-9cb3-5c7a3f374181,輸出功率
569c8092-9cba-4b17-9055-6fb9d56735f2,化學元素
275eb94c-2725-4931-84a8-8c5ba283979f,銅的不足
484b095e-0613-4633-b2fa-b7745314fc4a,薄膜
52312b75-e7b6-4a1f-9c46-53ae68a05465,空氣
dfe7b0f2-bc25-494d-93f5-c3e68c8d2de1,空氣動力學直徑小於
5cce4cbb-abb4-4836-8979-a426cd6513d9,2.5微米
7d7cf93e-1dcb-41c7-b946-c937086f196d,積聚在氣管
68581445-1bd0-439f-a8af-a506cced6c7b,從地表揚起
ba626559-dc72-480f-bc77-6f0928f0b236,海鹽
3afd7e6f-191b-4083-9442-277f5b875744,硫
5d2ca538-db94-4817-a738-ba0a01ea21d9,煤炭燃燒是家庭取暖
691e48a6-ea9a-415f-9c06-9bf34f6ca34e,22000
713df77c-2433-45d1-bfad-3eb43a37c691,纖毛
6e6dc02c-4f35-4fa7-9632-fac7e940ad00,懸浮微粒的大小
04383538-06c2-4fca-be79-5969bef3929d,中共中央統戰部
ffe9a84a-04d2-4182-bfcc-2d0f77c12f05,1930年代
80a7fb36-b428-40bf-899e-8f7ac050588c,1938年
3967c42f-7881-4d69-9155-8b204c38ecc6,中央城市工作部
23e9290f-9dfe-4895-92cd-596de4ed8773,1785年
8df6a2d5-a755-4544-b2bc-22bca6d54cf4,「高加索人種」和「蒙古人種
e033327f-2c51-4f74-b508-bce57895afa9,布盧門巴赫
e893a9b9-ca83-4570-958f-a8b2a0a0f828,該黨
c2fdaaf8-96ad-4a1c-a7d2-6aa6191a6f9a,中國致公黨
78426fcb-562a-46a9-94e2-d3c9ad16ab81,中國致公黨
92cbc90a-292b-481d-a01e-ddb2c4289341,陳炯明
bb76f893-13b2-457e-9a47-bd077ee66667,香港
9b0c3520-d709-48b6-b19b-90bcdff25bbf,俄羅斯聯邦主體
7d34120b-a772-4869-a89b-2e7bed15fc8c,2003年後
c5ba6eb6-6546-4574-8917-f739bdd5c978,曼西
56cf6383-67a3-45b0-802b-b3a3967b23fe,俄語
4c38e358-7fb4-4381-b1ed-79dee73b34ed,石油產量
78f45062-174b-4158-86f2-8b6e426a587a,1096年
e3d05775-8a19-4ab7-b4bd-7447abe351c9,喀什里克
de72f2bf-2b0e-4bc1-bcc3-d14fb1c2eb63,博格丹·布連斯卡
a77bf595-280e-46a6-86a0-7ce731c5acd0,交換馬匹
c953ff56-e599-452d-ba45-59397780753e,沙馬拉伏斯基
60658d94-b64c-488d-b587-4ed6322c3697,葉卡捷琳娜大帝
f07e921c-ff2c-485b-973b-9e0f161bef6f,多爾戈盧
36563852-1bd6-4021-88d4-d8452c093b05,"534,800 km²之大"
64d04608-177b-4849-8d1c-08e12eabf47e,匈牙利語
9255c345-2b6e-4a19-a2db-a2bef39cbdf3,俄羅斯族
ba587aff-7287-493e-a854-a22d70cfb817,蘇聯時期
9a13737d-36b9-44e3-9ea4-d0a31cad1498,正圓
9ca8f960-5b7b-4e0d-bcb2-b3901c74a5c6,地球自轉
f1170ffd-5a19-47e8-a4a3-0580e2f9017a,軌道離心率更大
0c173644-0cc7-48ce-be6c-84265a128b09,巴比倫
686474ee-db13-4505-ae61-084f69eb984f,太陽
1fe173d1-2664-403c-87d4-22d9bf75469d,需要平太陽時
aa79fb85-bcce-4fd8-a351-484c7ef1f161,1834年
958a6273-d3d8-404a-9405-23876db764a0,可口可樂
3a725b82-39c4-4d4f-99eb-d610aba8e94b,香港
2d295821-f886-4e92-a833-8c128f270c0a,持有人家族之外無人知曉
1fb8273d-22c5-40df-8d32-9dd19fb946de,墨西哥
09e42659-ae7d-47a2-bf07-19e8d146605d,約翰·彭伯頓
d9ccc3f7-2174-427f-8e04-3241943254ff,禁酒令
410b37c1-175f-4e9b-9ee9-1894e20efb2b,可口可樂治癒許多疾病
3eddfc9a-10b3-4f68-89d6-62df471a1541,亞特蘭大
fda103fb-15ca-472d-86df-2dbd7f8d5b75,心儀
51d24efe-f61f-4d42-953f-ef3a456ab0f8,民主黨或親民主
980d09c0-a76d-47b7-ae54-bc756f4919de,非洲市場
4ace8c52-81d4-4854-8656-86c5b3a5fdca,1985年
43bcf2ff-fb69-4e71-8a16-ff2d2816fa1f,營養師
72c711d6-9533-4eb3-9ae9-250621005239,百事
e648db5f-4c37-44d6-b84e-090c567010be,喀拉拉邦
2c2d0ffe-976a-4c51-9865-35ecf5e88ecb,廢墟
3233b3e2-f849-4361-8892-d247d8ef1c3f,堪薩斯州
3c57326a-113f-4ec8-9050-e79f4b7c9a7a,採礦
5e0df283-b6ae-4e33-8665-a87a310eba57,變化
8a5ce124-87e8-464d-b684-ef8f15ae40c3,自然資源的變化
3b791052-bbc1-4056-8d8b-c8af7052c77c,荒漠化
ebdbf9d1-4c6e-461c-9777-81ff5175d949,西班牙流感
c4f870c7-55db-4af4-a118-5f08239766f5,蘇聯
0e69ae06-3408-4007-b808-7faaed154ea2,東日本大地震
e7981375-51dc-46b3-86aa-9b40577ec253,金礦沒落
b72c4bec-31f4-4998-9d11-f3cb2d81431b,19世紀後期
8527c5f3-b623-43ea-8277-96cc078d4f96,美國的次級風暴
edd1c957-412b-4eef-93e9-c637826aafc1,奧克拉荷馬州
69066d84-3a31-4b43-957f-afecdbdebf11,一位主教
26cf13c2-e5b6-4ccd-b8e6-a4ffe0013f27,希臘語
690886bb-80cd-4dbe-8986-c7416e953bcb,西元4世紀
179eb175-3a57-493a-9984-0a54a5268164,本國公民言論
1fe9f107-ebc0-456e-8e20-63d8d5f70848,政府
7d712c5a-3f4c-4731-a66e-babb93ea28aa,出版自由
0e8b008c-14b9-4c77-ac20-39eea41a6130,集權國家裏
8b91043d-9be6-435f-8fb8-dc58c4cf7ad7,政府權威
faefae27-1186-44ec-bd16-247dfc83fd37,宣傳機構
4dd57202-17fe-4a69-8cff-42ba588e4847,王室
52d74818-da60-4bed-9072-70a0b64797d7,文藝復興運動
3722c07e-379b-4d21-8f16-890f679e94cf,近代報紙在歐洲
63fca6cf-8fa3-4196-aa27-3da6d4062f02,亨利八世
efa892e2-bf6e-4552-b271-b14dddbd8494,彌爾頓
82313e04-8dab-4e16-a792-07f131483f4b,王室
e242a8ab-2fac-4824-934b-d56dd8f05561,新聞出版檢查官
e986a492-b266-4184-abe3-4370a9e02dac,1789年
0c95c0ea-4653-42f5-b298-4c1644161fd1,語言
ce3dc877-2a0c-4bb8-a40b-518b4b02d5bd,日常
4350766b-117c-408a-a688-8a57ed00238a,拿破崙
f96b79fa-d1e6-4cd2-92ec-dc530f14debe,《七月赦令》
25d08873-9c2a-47c0-89bb-e36a5e8d8815,約翰·坎貝爾
8de4bc82-120b-4eb5-be05-452499b69f07,1704年
c0040da9-e9a4-4bb5-ae58-a916bf3b1bf4,《波士頓新聞信
6d4ec911-966c-4e19-b146-4fc650cf2b64,紐約市
1cb00380-7ac2-4489-9392-96194e9bd910,《出版自由法》
4f4e9792-c3a5-4c7f-8940-0abd0dda7949,《魏瑪憲法
96e8965d-3738-4ace-b026-5ab19499bdee,《基本法
94d7baa5-0a79-42c7-b28c-456bb43ac74e,非盈利團體
7672db91-22ba-409d-a543-290aea76275c,無國界記者
4baa4de4-8863-4b47-8b6e-8b516b260070,42
ed020ac7-99b5-4939-9e05-b104df79908d,新鄉市
785e29c1-8a3d-4822-b974-126852f7631d,淇河為
b5735444-10b9-4851-aa86-8edec26482e9,中華人民共和國
8444f8a6-9095-47cc-8a28-dbc27a2195cd,1957年
1f3677b9-8411-4108-aa1e-bce21a3aa9bd,慈禧太后
44cb5b9e-5c39-44e7-b2fe-a08dc1756ce2,戊戌政變
9fa78cac-a3f2-4f49-851a-2fee9bdafcf7,戊戌政變
9af82d43-c8c5-4ad9-ac35-e30a3f0517e0,帝制
068b73f4-ded0-4e29-b69d-e372964d534d,《馬關條約》
26f0447f-782d-4d55-baf3-a6f60cc6c010,舉人
6ce90da8-7323-4104-aa5f-8576390837a2,公車
751a971a-64e1-4d57-be2c-8d23149f0cc0,梁啟超
eda4e969-d826-400e-8398-77b68526a6dc,第二
a8b99e21-4382-4c5a-a4d3-c4940835fac9,阿里
118129a0-ee31-4574-becc-601db3c511e0,穆罕默德
f1563838-f03a-4d1c-b4c4-2c4db48528a6,十二伊瑪目派
62d5fdb0-1ea8-4a54-97b0-578f95391678,同族
84863989-8f94-4514-b212-122d3aec1222,阿里集團
1ba9349d-6112-4cfe-b94b-1e8389144dc4,第三派
145069b7-2e4c-48b0-ae80-ee17667b44ca,穆罕默德
f1e402ad-341b-44dd-99c0-b5b4ff6725b6,伍麥葉家族
a552ee1c-34ed-4080-a345-5ebfa21bdabd,阿里
3838df2c-510c-490f-aec3-eec0a07e5137,阿里
b46fb968-6c81-4a62-8f29-6bca80f9a2b5,1957年
0a9c8ae1-a088-4dbb-b7ad-6bf3d247d3c9,舒新城
14ddc853-782a-474c-a8a5-8516f1d4a127,文化大革命
bfa8c1fb-f176-4c81-ba1c-dee932163987,1936年
0f08dd3a-c9ff-4cef-a9c7-8f84ad7f3e57,上海辭書出版社
c93bf045-3f16-4f75-a07f-c53d5d7d5804,2002年
5f34d7c4-bd0a-471e-8265-628af668d916,北隔巴士海峽
9aa10503-94c4-414b-b2df-f3d0f0e4df02,2773個
8fd1b372-5e45-4163-8dcd-153819ce8843,阿波火山
aab1158b-7fe3-459b-9b3f-91813554f024,環太平洋地震帶
e2d7a256-807c-4896-a037-5fa0007bd3f2,美國
70a29e85-2e31-47c7-b138-5905f7913413,侵犯專利的名義
e7d36165-3a1f-42e8-b7b4-71b1ac476bac,加上法庭
8373181b-eefe-44ef-aa4f-d81d764485d6,將隼鳥號
69ad0609-0a74-4ecb-913c-61d9089ca515,澳大利亞
01a1d961-9681-4042-bb2a-4cd706e823bd,隼鳥號
744f2714-6be1-4aee-ba97-8e617c4a3ecd,隼鳥號
e160af97-2c5f-46bb-a778-b616f1586b9f,南洋公學
3f610da2-292e-48cf-b5a4-399910e96f6c,中華民國
42857e73-58ed-452b-8672-78f13fbf9893,西安
3a3b49aa-3a98-4d84-bb50-4ad26359427c,彭康
bed2cf3b-0fce-45f8-8ec3-5a95cf366eb5,中蘇風格
590e43ab-8d72-4bea-8393-3658819ca639,北樓
420a290f-84f0-4abb-8195-8db97abc7870,江澤民
3bf0d569-d232-4555-8e03-167b51e2347a,接2006年
65e68320-59ad-4de8-842f-f8bbc9f3b682,李子萍女士
976476ee-0b94-4394-9efe-4cc4e4fe1a31,校園
230a839c-d976-44f2-9060-9a55cf9cc89a,校園文脈的延續
5b1321b1-e974-4a01-bb6e-91e945162e81,南洋
1e527bb4-5786-4012-9e5d-24eee219ec04,上海
232ad874-030e-41b4-8393-d2cf4a657ec8,盛宣懷
806a8105-d5be-49f5-a709-978ba3e0f525,1912年
2115992b-b357-4a7a-80d1-868fa7d041b3,北京
ad60c1cb-2b15-410c-bb7d-82fb9b8083ad,1927年8月
e712f31e-dbe0-495b-8e65-0b439ade05bf,南京國民政府
20b0f146-48e8-4279-be8a-92818c95c2bb,對日抗戰
5f3680e5-b266-436d-b943-a9f91f649298,蘇聯專業化
45980907-4dfa-4f2b-92cd-f2638a7b9164,華東
11b2285b-2e82-4ee7-a90c-2f7989b7f804,1952年
a6ca6094-9d09-4b89-b040-5ad961033dd5,國務院
b2b3835f-28da-480c-bfb1-6a7b7adee19d,兩所
e824803a-b4f9-4132-bf2f-c18e7e9e1f58,1957年時
e8ef5edc-56b7-46d5-bf5e-a5ee1eb1b90f,興慶校區
0107d648-b727-4325-9f6f-046d86464ea7,西安大雁塔
6b53b9cd-42b6-4da8-9e6f-69696b42ef1f,曲江校區
61e34d36-cb2e-410c-96a2-7fd6e1547967,唐長安城內的道政
a82fa8b6-6c7a-4803-a692-b96efe3b54bd,興慶校區
ece10056-8ec4-4e38-a91e-b80450b702e3,相國關播曾經的宅院「東亭
b888383e-9bbf-4b18-929c-3e04bf684e47,《養竹記》
31b0a029-cb96-40c9-b73e-a53aba40b679,五十年代初
00f3d887-45ba-4ee3-8b8a-9bb8be3441ec,興慶宮公園
b60d21ac-d680-4592-a57d-8814402e818a,青龍寺
a7d2d4db-5af9-4775-a893-b6c1c55bf67d,幾千米長的梧桐道
ed885d09-32f1-44b1-8424-24aee57dab65,華東工業
e21ce834-6106-4b18-a41e-39594c835aa1,中華人民共和國
7faac9a8-3e20-430b-a753-0b1e9fc05c73,復古主義
eea7c46b-f340-4e97-82ec-0a7fcacbe37d,1932年
8350cedd-b069-4adb-8d9f-1d843f1280a2,駐軍
bf0982a8-fce8-40e8-8183-737981b9515e,1947年
648fa45a-8908-4116-96cb-836720113e2d,安慶
976f71db-7b5c-4f54-8c2b-c5b02a8ab60f,金西兩縣
069232de-f1f5-45a2-98a5-0a805b10afed,中國國民黨
eae20686-5ccd-438b-b437-61406dd6ca09,重慶展開談判
65ab6722-9fe3-4c96-ad84-18af7db5398a,1949年10月1日
9d7a671e-5834-47ff-a18f-85e138d00e75,中國共產
59c0f68f-4112-4f62-862e-6a959740afcd,8月24日
d5a47493-8f2a-4822-b89b-e249e02be7ea,中共中央委員會
6ea2fd9b-efc0-482a-9cdd-fe84b3498d3f,國民政府
1b9f2174-fb36-40d1-ac24-42c4c2841445,抗命行動
013f7025-b01b-40db-8805-272ea873b7a7,中國共產黨
a61988b1-3045-4134-b503-fd96bfff3524,雅爾達
29fd2817-e5c9-4a4c-be2a-9ce3387d0176,《中蘇友好同盟條約》
fe5538b5-2835-4a37-aeb4-e06245f7459d,三國
5002f315-8138-4380-8c18-f9098f70de5f,史達林
1813043e-cbd3-4cda-9744-78845d72996e,蘇聯按時
1b41a847-6815-4682-9e1a-c859c035ee6b,林彪
df146f22-f491-4b12-8bf2-528b6841c0b4,《土地法》
00c7f534-59a2-4391-8638-a2c5e1455397,《土地改革方案》
0af7760b-de02-45fa-a4c8-f63cc0e7c951,《綏靖區土地
85ae9948-8845-4c96-aec2-66638963bbc1,地處銀川平原北部
94da8b8e-c967-4c23-8360-63a1fe1b598b,黃河
7525059a-4a43-4578-b368-2c51b20e264b,石嘴山
afacb8c2-610c-4d3f-84c3-b8815af5140c,《嘉靖寧夏新志》
1494e058-ca0d-4d9e-9bdf-7097083a8c3f,1900年
94769cd5-bd90-4950-a5d3-c04139f8236c,巴黎
96607777-24d8-4899-b78c-959e60d08c9c,巴黎地鐵現
6924533c-de09-405a-8bd0-f5b146d3b129,地質條件不均一
a85e541c-67c1-4123-be99-d5b8f5fe347d,1950年代
750e27f9-4c64-44ba-9f8f-b38ffc13ea86,14號線
e7bce9b2-36c3-4e23-8e0a-8338292407da,指示燈
9937d522-b52c-40fb-ad51-3549edfc53f6,地鐵車輛均可自動步進
aa34b32d-a720-4704-aed4-7691d0e7888a,手動步進模式
c4e23983-6c06-45bf-8bf2-19e304ae8a62,紫色信號燈
1bab0807-9ebd-460a-9543-c8d7b0427d37,1900年
a3e4db05-633e-471a-bc51-31e8a1737a8a,墮軌事件
b171cb29-354c-4ef0-8f74-f5d2f11897b4,標示牌上
3eccfd75-c982-458a-a090-e58ab42faa87,14號線
92c2b628-e297-4a63-a1d7-054a4a8af00c,白底藍字
98fe159b-9a14-4621-9c83-6c46db5d6bac,1996年
20fd1c06-d01a-49a3-b474-24af9b846d36,2005年
1d8843c1-f90c-43aa-8cc5-3be1fecfe3c9,深夜塞滿了乘客
9e623ca7-cd17-4495-b65b-d4fa72c6464b,國家預警機制
e6f2c9f6-0773-45fe-a628-16338ca188c9,電車
c564fded-8cc8-4d1e-984e-ceacbb8382b3,環形線
505333b0-fc12-404e-8602-e327813b0a34,巴黎地鐵
6d39fef5-3673-40b8-8730-7aeadc609778,1.8米的月台閘門
54565fb8-9815-48c3-ac78-00d191622543,RATP
b35573d1-ccdb-478d-89e0-e9fef89e746e,RATP
67e49bd1-b594-486e-892c-628bc1dc531d,佩戴
d18c0de2-4d8b-44cb-a02b-17e562fb05ee,丁香門站
06a9fe0d-7e12-4e43-ae2e-0bbe6347ce8f,巴黎地鐵
f7ead24a-608f-4554-806d-9681f5048046,《真假兄弟》
325a215c-19f9-4958-80af-e37a23ac924f,第二次世界大戰
cce8a820-d368-4fc2-9acd-30c6cb4fee67,巴黎
78c0cfad-cacd-42a6-b8ca-02754009862d,幽靈車站
83d38b58-c76e-4196-b827-f4a9501df2ff,105米
8afe5bfe-6ea0-493c-abe3-914c29ee9643,混合式月台
1b76fc2a-25da-474a-ac8f-6545a969f90e,拱頂結構
85b13e7c-e405-4c0a-bd32-b6a4f9a1b6a6,雨罩
a8d91df6-31b0-43b2-bc89-ed50629c9ae2,14號線
59317562-a489-46f0-aa47-ac6508c9014c,勒內·梅耶
e63ab670-4f5b-4799-8f6a-e72c51cf227f,CMP
86f5f99c-ace8-4806-9dae-fb92d7d0ca48,膠輪路軌
f2aad1a0-6883-405b-be47-6ea59206e065,14號線通車
375ddf79-4183-46f8-861b-d21d74d7d210,月台幕門
43450ab8-1e86-41b4-b6fa-778ee1b880c8,巴黎地鐵站
178b86a5-6d17-427e-b7e8-f4c495ab60a0,藍底白字
78a73a72-ae62-4680-a988-2bf8e2a7f70c,二戰
58c0da90-0dda-4751-8c3f-945cbcfe9eb8,卻給
d24c7059-ddfd-43a7-801f-705fc0c8e26e,1960年代
7a8a76e4-e4ed-4451-8e06-c4ed0f724684,不安感
cadfeb95-1870-4fc5-86cb-c57cbcc986d4,穆頓裝飾
b1ccda2d-ed9f-4552-8533-858b64d30f92,20多個地鐵站
ce9ce800-e17f-41ea-81e0-e9520f3a77bf,雨板
b5eac64f-4d87-433c-b0d5-b2021219be1d,METROPOLITAIN
4c706d94-1425-4e4f-afe6-af7ee3d2497b,星形廣場站
c1161249-0056-4a6d-be8b-84ba6cc73cb2,1904年
7853846e-ef7e-47ea-b391-65f93059527b,1970年代
a3a4706c-bc55-4240-8ece-d1bc010cfdd8,不鏽鋼制
377d984c-1778-44d4-bf57-421e01477761,跨月台轉乘
f47c66ad-f2e2-4b64-bbe1-31a7e36e8dfb,水平自動扶梯
4d462ec3-12aa-4cda-ae65-1c4cfa54ceb2,德考維爾
b215dc96-79d4-41fd-a026-fdcd9fc3afe6,8
b6e2fb55-a865-4eed-9db7-6b189c441a38,膠輪路軌系統
d418a73f-efe4-4ca5-a5af-35002502a350,大利好
50297dde-26a8-4cc4-a543-953ae62c70f2,公民
c6060b2f-866c-4270-a7db-50e281bfe9a6,議員對選民
608a9620-6015-466a-92f1-609115fd7c47,通常投票
3abb6482-3322-4c73-b68a-ca22f85cfbcd,單一選區制
bae09f38-a25b-437c-8830-27e3fc3f605d,每一個選區中可產生多名議員
0b5e59cd-ebe8-4cd1-9973-bc5050bb1858,通常議長
d0a88419-3de5-4983-b4a4-9181e30b41b4,由多數黨
3be2c6a1-f666-4f9e-a0f4-af63df404dd0,由眾議院
f913f772-8352-43db-879c-db2f5ff09397,香港
f78d0374-c536-4c90-9019-39605051d98c,英國威爾斯
3fa3227d-cad2-4ca8-8b27-2420c26c2330,顯生宙
6a63f310-dab6-4f9a-b39b-8de6d218f595,海洋
0cfb40b9-c777-49a2-9bd4-da1871e7625c,俄羅斯人
898bc605-eb63-4f9b-a0db-157f91ebf6d3,大學
e0942aff-495e-4ddc-9702-c83fd78667a6,409米
51beb54a-b8e7-4f91-af81-ef32e0560f0f,右岸
d00bfe86-aca8-445d-b519-5efc9a102167,蘇聯時期經濟
7edea36a-cf65-4c0b-b5e1-35d69713ee71,下中等收入城市
598680c0-acc0-435c-b171-67cdbfde869f,市場經濟
dd69eb2f-0e7e-4c59-9e71-bb7d597b97de,天主教大學
1c9fdcf0-98e2-41cc-bfa7-e5dc75626d07,1993年
8af72cdd-14cb-46c8-98b3-aed722420e27,基輔羅斯
7d5bac85-bc8d-4e74-bbfc-c3ba47391624,列夫
b93e6fab-5ff9-4877-b82d-a340949b5aa6,魯塞尼亞
43947655-8d39-4a1a-9be0-9436f465a117,魯塞尼亞
a76d3b3f-16d0-4c64-a922-1678c0044a57,波羅的海
a0205c29-7a85-4737-af0f-da90527518be,第一次瓜分波蘭
10f99643-397c-4105-ae27-bb629ea839f3,1772年
116b1bb4-00ee-42ab-9d0e-e1b130854d88,俄國人
745482de-9c08-4c64-a1ce-39ba076894bc,1920年
aaebdd70-b265-411c-80ad-7d5233d06218,波蘭第二共和國
7dfac259-36cf-4d78-a68f-c130e76bcc0d,利維夫
630dd63f-5bfb-4dc7-908e-93566415318b,蘇聯內務人民委員會
8b262036-294e-441b-b441-bdccfead78cf,「彼得留拉日」
79ff0d20-a5ad-4dde-9f1b-baa69954f148,蘇聯軍隊
3ba56f78-0d6a-4009-985b-0f8ad7260a68,死刑
f4068e62-2ebd-4e20-a913-6cad83327e2d,《真兇
a5d79d08-7103-466d-8e68-e8e3f898778b,蘇聯
64b8d6f8-dec6-49ae-802a-2f9d102c728d,利維夫
af81dce4-59f9-4e4d-9cc3-b42701707bb3,史達林俄羅斯化政策
54399dfc-911c-42bd-8f05-2b8bb683f108,利維夫火車總站
f4c4bb80-c9ac-4d0a-a567-0aa4c046f1bb,克拉科夫
921d8b30-85f8-49cc-945c-5590094f4107,烏克蘭標準
1839ea2c-2bec-498c-be1d-0141df353dc9,2次大火
0c05d41c-2ac3-432f-b068-8ea32937e669,利維夫
41ecd3e0-7e9b-47fd-9984-6fda68a22895,利維夫
b0df29a0-3d5e-4347-b734-8280626a22de,猴子
f43d4374-5561-4026-98ed-f01a384ada7b,樹枝
e71259ac-7c93-40a5-8cc0-28dcafaad986,向前
d6d43981-bfb3-4ae9-aaba-204f42c45231,新世界猴
3ff3f367-c26d-4da0-b8cf-4b712ed66fd3,剛出生
b351d3a3-0a58-4d48-85bd-41d7f1249145,三年
379dec47-3197-4fe7-9395-4802a3e92c2e,拿破崙戰爭
750155e5-07f4-4b8e-a90b-b62a238414d5,猴子
6dc927fe-28e6-46e5-a86f-f3e75ecd6e6d,青春期
892b22d7-3008-46d8-8703-344dc74ec4ac,非法的
c5e5789c-930d-4df0-8292-12275460da99,「金鷹
c38d953d-6b44-4124-b07b-843a5c4df1fa,「無牌
8ca0bfb9-ab9f-434e-a01f-9093008d18fd,恆河猴
80920a03-0a14-4ccb-be59-1d746beba597,牠們
669ef3dc-d1b2-4210-94fa-533b7965f520,歐洲聯盟
00b4a84b-a84a-44ba-b2d7-ab61883521cc,《羅摩衍那》
04c035b8-8328-4d85-ad11-748637046186,《羅摩衍那
7974b762-95d9-43d5-ae2f-3d5ffbc19436,猿」
11e60514-53b2-4c33-96ec-baa16a224c55,清末國語運動
2a42b260-8d57-4bc3-94dd-88f2e49d0d49,馬建忠參照
91f2eed2-81f0-4a02-a3d5-b1452c7a6546,漢語
f625d2d5-2edf-491d-bc6d-fb63daae8d38,《馬氏文通》
06d86e42-64e5-4593-9a37-7877b59ef337,《文學改良芻議》
85b61413-d703-4ce4-91f2-66aeda4f9c44,《國語統一
029403b9-b815-46d5-9c06-40eaf03e4752,第八號
c34c5d12-7bb9-47d9-a8ae-843f52fc3ef3,周作人
6005a769-eee9-456e-91ee-a273254205c7,瞿秋白
2229c86a-26e6-42a5-8fdb-c45cd656a969,《正確
4426c22a-57a4-4fcb-b541-2a7a61df7aa5,《文學
9940f518-f2bb-46f5-8833-eef5a1026b6d,暫擬漢語
babed0fe-ef8d-454d-bb77-9ddc69f90c9c,哈爾濱
1c1b5c4b-bce0-4172-b82c-70194980940d,舊金山和約
845ad9a7-ad74-4b09-86f8-1f5a376b7d32,美國
aa5f43e6-2f9d-4bf6-9bf8-3ad500d157a4,舊金山和約
13c66f17-8721-49e5-8191-91b8beed6659,和約第二條
a3a973e4-c7ef-4fc6-a8d1-bcad520a65c6,日本
3e30fd45-9a6c-4afa-a5ef-c18e2094abd9,1956年
83fa19ff-b99f-4fcf-9d40-b84f745918f8,日本
662395d1-13a8-4dff-88c2-a7fea2953e10,齋藤正樹以個人
4924c449-d76b-44e5-9be6-ae31bda23245,1970年代
e69a71ad-47a0-4e6f-91de-8ac8f8af699b,北京
3992424a-f8d4-4db8-a95a-ccf98e38d006,《舊金山和約》
47261a13-43bd-489e-bc07-2cfe0d6ee5fc,滇緬公路
853d113b-e0ad-4753-b91f-cccbd66f01f6,1943年
a4467d6b-65d7-4912-b14c-11ace26a09d7,英國六十多年
bbec3c1e-0544-4df1-bb69-037f2957b885,仰光
c0f8b8cc-e76b-427c-86bc-4ffc28913a9b,日本全面
a1421d00-8d95-4335-ae50-c499610ab8d7,太平洋戰爭
5a0d80f5-41dd-43d7-bdc0-d29ded958802,雅加達
5f187589-a099-44f9-9002-9da27a0878b0,第二條
6afd8ce7-7826-4a11-95ac-e636b470485f,英國
4d192434-ebf5-431a-8682-27bc4506ad16,蘇聯
ec8d3569-e70b-471a-8ab0-9e22a4d45cc2,日本亟欲
20912277-47ab-4061-9a3d-a4805b2d6b9c,第四條蘇聯
612d438d-42ff-4c1b-a7d6-fc307a2c0401,俄羅斯
9176d3b6-3d56-48cb-a5d3-ca8258fdb349,生日蛋糕
1f1a0cc0-f4c3-43f4-bbfa-ab4f380fb3b6,擠花器
6f8d51c7-541d-48ea-ba7f-e15f665c9e2e,瑞士捲
e33008b5-1282-4e82-8c9f-99b7383c761f,星法院
666c58c7-7c33-4038-a704-96f4a78759ab,星法院
f76ba304-0ddb-4dd7-87ba-980477bf4543,國會
20618e6e-9cc8-4b73-bdc8-3b4fc641c969,廣西
5ab9afc0-22b7-47b1-a436-3d2e98decaf1,廣西
d6f267d0-3d1d-46ef-b851-f4fb02df2a8c,洗衣服
0edcc989-f7b1-49bb-91c8-b542711a7799,中國共產黨
cd887fc7-9dd4-427f-8bbf-f518957e1fb2,地勢西高東低
e0182361-2cfd-4bb0-94e7-c0994c7d808e,東部
d2ccb58f-e814-4f1b-8069-af6f6068f25c,雲貴高原東緣
7639186a-ec7b-4e78-8f6b-a5003e8d6350,二果
03cbb998-70db-498a-ba81-53111daebb82,阿那含
3fce1bbb-dbae-4095-80f2-a580a1feeaef,「一往來」
e5176c4b-e332-4b37-863f-53c96722a6b1,科學態度
c76169be-6776-4ef4-85b9-9ce73ba19dc4,火山島
1c1b7af0-0bda-4c35-9538-c4f0a96e9d58,15世紀
5b024f59-7c8e-4629-9e83-5d798f066a55,濟州道
27ff038e-507e-4f46-a8eb-450dec8289d8,朝鮮國
42681f37-58d6-4e7b-966e-dcc1de2aee30,美國
3d97339d-806e-4cdf-ae57-ab172e570034,美國
c4d046fd-3f6e-4e71-9767-02c53e57e124,耶穌基督
b78fc3a2-9ed3-4782-a5ff-73e1d8e20789,先知約瑟·斯密
b195f3bc-2e9a-4b4d-a72b-e30df576090b,耶穌基督
3da58916-f331-4014-adf9-5d855294f667,《摩爾門經》
8643e946-0433-4968-a212-2f775d867986,摩爾門教
035036e1-211f-479a-bfd7-1e4016ced3d6,希臘哲學
cb44102f-a686-4925-8e47-c636aaf6fffe,第4世紀
57f531de-c9f8-4971-8be2-c97de5eec952,復興
29e9bef6-719f-4af7-92df-ecc94c5b2275,《摩里爾法案
573f9347-5281-4bf0-b15d-7460df2a4aa3,《權利法案》
58e2a0f3-ef37-4bbf-82f5-dd7125fe3293,不肯放棄多妻制
29e7a81c-a87c-42e3-90ae-95d69d8b35d7,烏爾夫德·伍德魯夫
c15e288c-9844-4154-813a-a9253220d4ab,基隆北海岸地區
52066e89-f805-4187-9784-3c901d29f31f,關渡大橋
f4d9a850-0b69-4c8c-853e-a0a8d7c70eb2,淡水
cca6bb4b-534c-4e6b-9b7e-c65b494310e7,淡水至金山
c6a665a9-f3b8-4346-8ff5-618c14dd1d25,交通部觀光局
33af18a1-37b2-48b9-9975-25dac03030ee,陽明山
f13be3c7-acd2-46df-9f9e-e694d13d2e3d,台2甲線
76f92269-3a58-424a-b8ad-22a29ff54f83,通行證
9c9be595-b76e-42b8-8d9c-26d9017be65a,中國政治人物
a6543333-8d63-4f2c-a656-47e05a69c930,孫中山
98e46451-a5d1-4803-9961-977436f7b114,中華民國憲法
3e02ccbd-7a17-4ee8-a3ed-4c4e0827b5af,蔣中正
940c3912-f5be-448c-a980-8465dd79cd3a,1926年
f4137946-bd6a-412b-9d67-5fb5f19f52e0,黃埔軍校
bb23c60e-609f-4c62-b8d8-f8383ad3e62a,中山艦擅自行動
ad9aff04-54e8-417f-bf75-fd297095c420,汪精衛
d8960256-6c95-4ef8-89e8-26187d952cdb,中央
e4c7f95d-25e2-410f-b74e-077e1e3ce727,中國國民黨三屆四中全會
a30395ee-11bd-462e-b249-803fa119fb13,胡漢民
7c45787a-291d-4f01-a140-c186e94eaaf7,九一八事變
c8faea68-91ff-4109-acb6-136a8d795dd0,汪精衛
d2462b97-db8e-4be3-ab47-eeec67bc6d32,中國國民黨四屆二中全會
a46d582b-080f-4b1d-a4cf-3d0004b7b910,國統區
73fd70c5-f9ce-4d94-96a9-432849bea07c,五千萬美元
41ece019-6ffb-4ba1-9f87-fc94a822c3e9,聯保連坐法
d7db7345-2800-4bbd-9f85-08f5c65a7413,汪精衛
218d5dd4-96df-4d56-ab76-9c94e37fa13b,汪精衛政權
84864adc-f2be-4339-8d5b-e5e433b67932,蔣辭
b1365088-ea3e-4081-80d1-d05e93e67d73,英國
1e7d6f31-eb67-41c6-b3a0-7fca89187a2e,10月
e3cef077-23ea-4964-a9e5-7af755e8c5ea,約瑟夫·史迪威重一隅
d65feabf-9bac-4530-ad11-81041a8d88a8,羅斯福
83fb04a5-70bf-44d3-b865-30111d94450d,二日後
1062a698-8a15-4b4c-a55a-fde18aaa855a,1945年
bc00a518-8ea7-4568-931a-38cd74f0d9b0,昆明
dcd759a2-3743-4a51-be7b-c6d1f6250071,閩南語
e6576ce7-7c21-43ca-9327-08a0bf3fa51e,廣義
f7628d1b-edd4-4e39-9fb7-a6bab4a824a9,狹義的潮州話
cdc3576d-69ec-4789-91a6-7f4a05299b05,《潮州話拼音方案
ddb24602-b147-4702-b805-420742c16440,普通話
6fd7d735-2f30-43b7-bbb4-33d79219e9da,福建人
86199039-d1fa-4298-9393-47af7909ec31,粵語
208d60e1-47f6-4fe3-a084-adeb73fefdcc,化學方法將它
67841836-e2bc-4a94-b109-22834a459f74,火成岩
3c698928-1d1d-478f-a4bf-a36466b37429,莫氏不連續面
cce9c2e1-fd4e-423c-9422-93d725332e5f,橄欖石
43e412a6-60ad-4918-b34b-ded7d632a925,海洋地殼
9a1693b5-cd25-4519-8087-75c807d3051c,玄武岩
0870cadd-fd19-4b22-97dd-d52d733529eb,88%
ac7babc0-454e-4f85-ae23-7129453dc8ca,斜長石
9c0bea5f-7cdd-40e6-b5b7-472d24d16cb3,生物細胞
cf39e905-aa69-4804-9a17-cbcf4988d68d,肺部
44d994d5-b2fd-47b6-a9a9-831025cc7fbe,肺部吸入與呼出空氣
229848c6-d94c-41c9-b0f2-0a1e58b05ad7,二氧化碳
ac6be2aa-ea7e-4f97-9a5e-55a0266e90b6,吸入空氣
70c46b56-4a4f-43e1-990c-f39c5f6dc5fe,骨盆底
78bacfa7-906d-483b-8eb9-145fbba829cb,休息時
3baafc4a-80a3-4859-87f6-4f48ee0aff12,劇烈呼吸
dcb93776-c6cb-4385-957f-9d28e1c344a4,腹部的肌肉
4b66635c-e22c-443e-8a1c-10276ae89975,肺部容積
608f6887-d2bf-437a-89bd-bbed184296ca,若人不呼吸
9446fe2e-ada7-46a0-9602-acb530bea5fa,氧氣
0ec7f6d0-0757-4e6c-b397-6e6b65ef68a0,西班牙巴賽隆納
5122e703-4213-4bde-a65a-31d924404a25,特殊形式的肌肉痙攣
fb4dc7f3-dcfe-4c74-a230-8efc90b1869a,高山症
ca4d4fe5-5ea7-461f-8f28-1daac36bcd74,額外水的重量
cb1b38ad-2f98-46b3-83df-f26a446fd65e,腹部
72e3106d-8c57-47cf-b024-bc9b1ec73102,徽語
32373755-e19e-4a80-9dde-ca23b8d4e41c,古代江東方言
5046f91a-0dd4-4893-91ce-8f6dde9458da,贛語
208f33c4-d658-4538-af61-c9535d39ad0a,贛語
283c3971-0088-4758-bbb0-04b6c144968b,徽州土著山越
0a0f33b9-9e3a-4a9e-870a-b844f3bf370d,行政中心
ca69e4f8-4247-4085-8cd4-cacac0a9f382,吳語
7a207235-9cbe-48cc-81e7-60a30edb93df,北京廣播電台
95ef372a-2f23-4406-af9d-be830cf717a2,國家新聞出版
5b389aa7-aa40-46ed-a730-7793c998b70b,中央人民廣播電台
4bf469c6-0040-4586-92a0-07ab3be8671b,北京廣播電台呼號
ebe89cac-5f2f-4d29-8e6e-98b7f2b3b217,三個
c120ef58-2531-4848-9322-c86307fbf5e5,海外廣電部門
ab65bc02-c5a2-416e-b8b4-ef4337bd5943,短波廣播
8561b6a1-d952-4cf7-b2d1-c598ad3e80b4,61種
59eff18c-844d-478a-b8fb-cfe31a467124,70萬
1c5e99d4-83a6-4363-811c-e5973c3ac7fd,資訊
23a243d3-7aa6-45c8-9fa2-47226224a186,2007年
bdd94e4b-3469-4b20-beca-22552a3a615e,廣播電視
51b566bd-7788-4dac-97f5-b036e5f70051,稅收
ef5771cb-6334-4d1e-8541-b52fd63f9ae3,維護社會公平
a02b1f23-d591-4dec-aa27-93a3f1b51007,限制資本
2e69971e-8333-4dff-b30f-927ad23c3877,芳村區
952cca16-8e6f-4e74-951a-32e5e0f80433,2005年
4f2c0f94-2584-4f8a-9bbe-7b957b596334,「荔枝灣」
1e644592-e3d5-48d4-a8d3-0363f9e87a20,黃沙區
4fdb9892-903e-433f-b511-6b68fd602587,1959年
2acba3ca-487d-45f4-8aba-fb7ae153468f,花地大道北
e1e8e1b3-3f45-4917-9ac6-d1e8ca574306,西岸
eee01688-7450-4d67-9509-decbf9fd42b4,南北緯30°
37de4e50-267a-413b-a630-5b216678ac68,位置
776b6955-2dde-4a62-83be-e611d6fd6de8,少雨
d500cf88-6065-4fa0-b9e7-af87c31926bb,西北太平洋
af349eed-c34e-424b-91f1-99796d9cc20f,副熱帶高壓為動力
d592330b-a6b5-403c-8c78-961d78fd0e71,12月至2月
4073da12-e074-4e57-8668-cb255098005e,夏季熱帶氣旋的生成數量
aba640e1-b22b-49ce-aba0-8bea08a0effd,東部
3e892fac-1dac-4824-8a09-82dc3b22fbc7,社會保守主義
50291fdc-211f-47ae-9800-358cbe437f36,資本主義
b51c2cc0-5366-4835-a05c-b67be723a913,社會主義者
8775e9f4-8668-40e0-b9d2-33c962d5c3c7,工會運動
7515e0e7-e797-4945-8814-dd0feb08fc6c,德國
cf66a580-55db-448b-bf60-d24971947ec3,第二次世界大戰
61ac956b-69de-46a9-9df2-fd30524a7036,新教國家
4eff4140-f8f7-46f6-901b-8d4442bf6cae,基督教民主主義
dfb37a3f-fbbd-4ea6-b8f8-d5b345cff063,亞里士多德本體論
fff51edf-b624-4f77-a681-06830e703efb,基督教民主主義
72519fb2-a06c-4a0b-ac0b-9f8abbeeb43c,基督教民主主義政黨
c46f6d69-65ef-4abd-9042-b6393db402a8,歐洲議
6c1d6f88-3db2-44e7-a44b-a3f197e6eb93,美國
60fd81c5-7afe-45f6-ad58-d04694421607,明治
5290ffa6-b80f-45ed-911c-80a523987bbe,2017年
5cc85960-f4d7-4805-bd02-b810ca00c688,17位
59166d3c-cfa5-40c2-ac8c-ec7a175160e6,伊藤博文
8e991b49-cf01-4cd9-b49a-66725d1e0a59,天皇
89179164-175c-4250-b751-bef1a7282989,昭和
d0e0f98d-f055-481c-8b0d-42f2e385c913,昭和初期
666edf23-45fa-4bc5-9fbc-913c88044aae,當政友會下台
a64013c5-7822-456c-af2f-4ac8774ccb17,兩大臣
9e49a0a7-c302-4c0b-a8a0-dfed5a5d4819,湖南省西部而
7dd30347-e7b7-47ba-ac3c-23deb983fae1,75.3％
7c907952-8a6b-458a-a767-d02c7da1e3e5,聚居地
a0a45270-6643-427d-a5a4-c0666b933102,隋唐
c998114e-dfef-4b78-b607-7e19cd549934,省道快速公路
ee433441-ed80-4bbd-be7c-ba76ee82b3a0,八里交流道
0d26453c-a988-4bb0-bcb8-6beac60eb673,中南部路段
834a68e9-44d6-497d-9e39-ca110707d976,八里交流道
c89cb316-f5c1-46ce-89db-f8b0424defc0,因車禍頻頻
ff470a76-8af0-46d2-b9ec-87f1bc0c9165,風水
651bc054-f9bf-49ae-854d-74c37a727e3b,路口
7a82a011-2a5c-47b3-b8b8-20be5bfdf397,行政院核定
e54ee577-d542-41fd-aec8-19c85f8022a7,公路總局
bd076bd1-ec99-4848-8e64-39f376b86c2d,燃料電池
d4a080cc-25d7-4aeb-8192-89e2404d9360,氫
85e1985d-31af-493d-991e-bd0ae1be7284,電堆串連後
c7d8618d-ab1e-49e3-835a-10c9c7271057,燃料電池
03f98d15-645b-4e20-a82c-27f58c268b10,讓電荷
90a1b21f-f23b-4d82-a5a5-742820746b5f,個體燃料電池計
19274982-72a3-4b01-805d-c39a4914a888,派克
a9ccbb4a-1d69-4f90-8ef6-20b5adcb2dc4,青海省海東市
15c47aad-b12f-4662-af13-b50e60944e38,秦漢
06e53edd-179e-4ea0-9d10-fe12982ed1d2,民國十八年
3de81ee0-9904-4e7c-980a-8d92c591bfb3,湟水河自
852c98a8-17b8-4351-b594-b817ed597626,東部老鴉峽
a97180b0-992c-463f-8a4b-9616c8a731db,青藏高原
32308ffb-2a93-4ff8-b057-bd7ed19a8abb,山巒層迭
6f7bef9e-5584-45de-8a38-1a362066fb55,印度洋季風
892922f8-f947-48e4-a309-df145ce5d420,地處青藏高原邊緣
eb545041-7b5c-45b7-b7c2-88023cb6e156,217天
856dee0d-fc1e-42c5-8e73-1845acf656c2,樂都區內
3ddf61e2-9461-4236-8f34-517eb8900e5c,中國科學院
2b4473fa-6c37-4c63-9c74-0f3c270bfb6e,聯合國
8addaf55-c122-49de-bc7b-502b6bb23de0,里雅斯特
c6d69928-0280-42d3-a1ce-4b539091e04f,已開發
c62c8f1d-ab93-463c-8cc7-2b7eb6a2b805,白春禮
a7bd234e-d28c-49a4-8e04-f4baffdeea8c,65%
0a71a911-314e-4f31-9d75-2d99bde3d9e6,吳語
f1e0c281-b77a-407a-b723-eaa79958894b,軟儒
cf5b4eda-079a-49d9-96b6-5775741b3081,吳語
c12ce1b0-13fd-47bd-9c1a-632713d772c1,瓦萊達奧斯塔
58d50fed-b0a5-4bed-93af-a12283c2072a,義大利西北部
8a59b332-2794-4637-aca8-41c0615c9c65,奧古斯都
d8b661e5-e081-406c-a5bd-a7bb33d78435,公元前25年
c1aa2090-30e5-46f3-8647-197c39fa5761,阿爾卑斯山
88bb8ad9-64fb-411b-958a-833b14200eef,勃朗峰
eae18765-2a98-4cf6-b47b-d069bc4175e0,氣候變暖
772cc399-4714-42d8-b7b4-a845bf7513f3,阿爾卑斯山區氣候
95cfa22f-a728-4e8b-84b2-820ba28106b5,農業
bff2970b-2081-4797-804a-2960ce900649,新石器時代
c2f6cc13-1245-49d3-9c17-c4031af5b527,五千年
2b8fd2a2-153a-44fd-a1e8-1ed85fd28405,石磨
0737e795-8497-4d79-a432-315008b34b44,蛋白
1498ebb2-b3fa-4d2a-8927-47ffda4b7594,特高筋麵粉
4d507919-fbe2-44c8-8a5a-bc279a7d76e8,中筋麵粉
2104a9ba-51a8-4e68-bf9e-94c5460ad497,筋性
7fa1ddb2-9f54-4ad4-8df2-9604206ed78b,前俄羅斯帝國
2135883a-1960-4353-ba99-38b007e71ead,蒙古
f7c2160d-cda6-4af5-b281-a3b074e22540,亞歷山大·高爾察克
091fbf09-84fd-4e24-9f00-f90fabefd64b,獨立運動
5deb284d-3495-4ac7-9153-fa601fa67c8c,赤衛隊
5dd41fbe-39a5-4239-a16c-e75c9fa37269,布爾什維克政權的安全機構契卡的武裝軍事部分擴建而來。一月，在戰鬥中遭遇重挫後，戰時人民委員列夫·托洛斯基
00620e63-4e71-4ff8-bfe7-0ae2581a31a4,前
b26ef0bd-bfa1-4b1c-a08e-509ce1ccddce,卡列金
7c7f83f2-6b34-42a0-b11d-2b08b516ad73,布列斯特-立陶夫斯克條約
5126f932-a222-46f3-852f-129189c906f9,突厥斯坦
3635dc30-1b46-4773-be13-f79a9692893a,無政府主義
5c554e87-c271-4f90-a4c2-fc177aebf31e,列夫·托洛斯基
4452f2e1-41ae-4956-9b0d-e4241b3e1e64,鄧尼金
a4d43316-4ea8-4be4-b9e7-bd29c35920d0,赤衛隊
2d9e1b86-a679-48f5-a168-18e3205c8604,1918年
2742be9e-4508-49b8-8b11-c20f51edf7cf,赤衛隊
6becad2d-8083-4edf-b667-e4611fdef396,拉脫維亞步兵分隊
61b28768-5118-4532-8a75-cdaa5b4ded7b,哥薩克
a8c51d9b-7513-4458-b310-a5c43f5505cb,俄國人權宣言
3b0d98fb-db2a-49fa-bdc9-8042c86d6aa1,前沙皇
17f758a9-e75e-4e03-857a-3bc75f372870,中亞工人階級
452adde4-f2d0-4155-a625-1128296c32d0,1158米
06861ca3-58bb-49bd-a901-1cd175fc9a03,巴西利亞
e1846782-6cda-4e41-886d-d0a81b0f48dc,巴西利亞
f481f9e8-4ac7-47ef-ae66-59998728bdb6,1960年
03dc8074-b1c1-4228-9475-5fe883974b15,聯邦區
d3c2d7e6-6350-4c96-91c5-d989b9959545,巴西利亞儒塞利諾·庫比契克總統國際機場擁有全國第三大空中交通量
9371d140-f6f5-4932-bafd-58083c4d6700,戈亞尼亞
1d52eb50-6939-49ff-a52e-d45fc34e2cc2,薩爾瓦多
7e7b0949-68c0-4d17-ad15-82fa941249c3,1956年
784d9a32-10b5-4869-9d53-c4a1783c0e72,科斯塔
fd2cd732-a9ae-45a3-a719-c87ea6811d05,電視塔
6499f855-9bdf-49e9-a023-3bd07d60ca38,愛琴海
d6594de6-3cd6-44ff-8242-466f63b58b36,愛琴海
5ce07a49-cea6-43da-87ec-67f90ddfcf15,斯巴達
6a74a34d-970c-45c2-90f3-66657327086c,仁川廣域市
c94deedd-f810-4aa3-9f0f-5bd264691d4f,首爾西部約40km
edea99f5-8ce5-41a0-9cf9-a786d563f1f8,首都圈電鐵
ca4cb36e-38f1-4f45-a784-673b02b29b64,仁川港開港
985849e2-56c5-43eb-96b2-a71d41759cc1,江華島
b0fab266-764d-40b7-aa29-4a2963a9eafa,5世紀
8b9b4800-de0e-4541-b2ef-3bd6b712e40b,漢江江口
6b273adb-ab5e-4533-ac52-e5ba54eb322f,豫東平原
3084e598-b84c-4930-a13e-7bf044ddddd4,漢族為主
86379966-7dc5-49d6-a221-032670f91358,中華全國
7eb13ec3-ff2a-4c8b-a3d2-155bd14235ad,沙潁河
c2486970-a306-4b50-b06a-6e777472b549,清朝
4c0c65ee-a20e-4732-8ba9-081834e29a32,海運
e704acef-a763-4652-8a05-6c49efbe3294,1938年
b922b828-9ad3-46db-89c9-0a18605cae65,陳國發生役人暴動
0f798fcb-11cc-44ba-a136-410780f04ec9,三次到陳國
cb7980f5-2926-41b2-aead-9bd9a8f4a02c,前196年
916cacbf-02ab-4bde-a07e-c9977378fdb5,漢高祖改陳郡為淮陽郡
b175e492-92e7-488a-8f3c-d59723fe0c31,沙潁河漕運
0214d764-1f6b-47d1-afe9-9e52ca71b3a6,賈魯河河道疏浚
8bcb912d-c4b8-47fa-b38f-1d001a956631,清朝
c2b870d9-cdb7-4730-814c-e8cba610bc61,周口總人口
6a4971e4-0cd2-47ee-aa23-877f3cf7213b,16.6萬多人
31762f5d-dcb7-4496-a9a7-a1dcf2507bea,回族人口
875229fb-e343-44f8-8549-984b9083233d,1056處
8dfcb31e-f6cb-479b-8ec4-0cc0bae64819,26
ea571547-290f-4a84-b067-a8b8065a267b,26%
a85e2b4a-1704-4b81-926e-1f40ea2b7c89,油料
22b7165c-96ae-48c6-a597-06e260cb81e2,南有周家口
e10754c9-d346-45ba-b4de-106edf85dc48,河南省
c65e17d9-cabc-4fa7-b13f-502cd09466b3,2008年
372b8144-42d9-40c9-b8ea-269ba64a92f8,能力躋身世界同行業四強
9ee1adc5-abb5-4696-b0d5-a3c995e7daaa,大總主教
cbc59cda-a5e7-4deb-9e64-80211f36dff7,主教
bf73d114-0071-4e7f-acb8-f60412526a0b,東方教會部
472585b7-b2b1-4752-bb7d-9ed316b64b14,農業為職業
91b14903-97d7-483f-a1f3-0a2c88e5a7a3,安全保障
45bd07c9-a01b-4433-862e-885e3e332589,12000年前農業
f0d551aa-4f63-4610-9fe6-c5d865353def,工業經濟
401ebb8b-34c6-4873-b0a8-d0bd96cc1169,耕農
1a62d04c-0007-46d1-8eff-59ac54a3d97a,農村居民
e555e632-432b-4f12-a98a-c1d1ecec7ad0,短工
03d6198c-f941-48ad-a569-5113956ee851,社會底層
119de8d7-8f13-40d8-b0c6-557256f252d2,農民群體
e60a037a-4630-4c8b-8d22-b16db309733d,農民
a53f4ac5-a6a8-4ff8-9bd6-2e08fdf5cc7c,2005年
35556a8f-2932-49b3-88c6-433791a27dbb,工業革命
7334800f-2db0-4158-9083-352662435acd,歧視性
32ac4f01-96c5-46b6-be9d-cadeb11a6ee2,農村居民
f6192c03-673f-4ee3-ad8b-f8a4389dd378,人民公社社員
7750fa27-c255-46f0-84bf-a5dd272bab1e,農村居民
6ad0b06e-34a7-460d-9873-d91b6e5d7c0f,商品經濟
0ccf9a08-1778-4f38-ad22-627f4c13f6e3,海洋水產養殖
eb91e53e-3360-4c13-88b4-6fb647717993,1980年
0f8eba82-9dce-4743-ae9a-d36b2a9b0f2e,僱傭關係
6ddec401-fe0c-47be-afe3-5b04bdf6e6cd,胰島素
8868ab03-e684-405b-8f31-20222be8e127,葡萄糖
a1f27c3d-a619-4dc0-a18d-bee02416c113,糖尿病
a56f86cd-ac37-43cc-a0df-dd646bea2987,1921年
4cd62908-301f-4bff-be41-7f90a9979c02,胰島素分子
536db5e5-fc5e-4683-814e-0ef49ae1d0d8,高純度
6dee5de8-d973-4ee2-89eb-ab57ad7b4be7,胰島素抗體少
f4c177fd-4968-46c9-baf8-7ff284636c73,25℃
97b7f135-afc0-4575-8bbd-9295a78cea27,前30分鐘
0829b870-363d-40d6-a095-9de680f3541c,降低餐
5b316c73-a335-468b-87a0-3fec46780efc,餐時胰島素
9484267d-f6d7-4d79-ada0-b6fab2b75d25,葡萄糖
1e348f0f-0c30-4db9-b296-c79e069e03d1,胰島素一相
2f7ca1ef-e2d0-42a1-bcfc-0a528c0c0895,肅貪倡廉
6b9f31fb-7714-4ac2-a962-a17adda84ebf,肅貪倡廉
331d6d9f-aacc-41e3-82c4-f038d7fbc3a7,合約形式
15d75be3-cb6f-4686-aa2e-d51aa86c3969,三管齊下
fcfe2c74-e922-4835-946b-c97730bf9039,麥理浩
5ce9af4e-13d3-4fb7-ad3f-909b4ecd9ced,獨立運作的廉政公署事宜投訴委員會
87100e05-856e-421c-86b7-a64050792b4b,傚香港廉政公署
f3660bd7-63a5-4aa7-81ff-1b5b8edcba95,香港特別行政區
84bfb4c6-2bda-4f56-8663-83d4057ff61f,配槍執勤
6f27d8d1-7577-4fba-a4fb-a0242e6ede44,槍械組組
c016fbb8-960f-4a01-b9f4-d62eb37e41f5,格洛克17
d505d483-f719-4a93-b150-a50a2e86bf01,格洛克17
7a95cd5e-7196-479d-948c-2d4dde590fa2,人口不斷膨脹
7cc7601e-141e-41fe-b758-5921c332defa,賄賂
bfc085b4-75f6-47ba-8963-c542abc92124,茶錢
18fb7cc2-c483-45ec-9cb5-c77e23bcd10e,香港警務處
6701c0c5-6e3f-46db-ad44-5ad53b49d7b3,六七暴動
4d2e6c10-f55b-41c4-be26-666e9d6c2cbe,1952年
4c24254c-0ed9-4077-934c-6be0d814e222,外界
7e5b14e1-9a35-4856-ac5a-e061cc858eca,1971年
fffe9f96-8263-4032-b51c-40f6ace1b986,葛柏總警司貪污案
c3e2c66f-adf6-43ca-ac39-eafb1908d53b,《防止賄賂條例》
b26505c4-2320-4d05-9886-a2fd3eb759b6,麥理浩
151214e9-a206-4f98-b207-92c6d7a64ee2,薛畿輔
67d37e15-03fa-4976-8ec5-1c71e48ed62f,薛畿輔
4ac67dce-e43d-4614-b698-574cffd28d68,6月8日
5e061dbe-2ed7-477c-b944-27727864eca1,最高法院高級副
0977d12f-372f-49eb-8d6f-e66b2b6a9d5f,《百里渠爵士調查委員會第二次報告書》
3cf36900-26d8-4a3e-aecf-fc4e1a015ce4,銅鑼灣維多利亞公園
7a235419-518c-43d4-ac23-8087ecdb3ab9,麥理浩
a53cbb6b-a664-47c8-ba83-05bbeb3320ba,1973年
6476157c-4853-4d5f-8e72-372a50c5a1ed,前民政司姬達
d3d091bf-0013-49fa-805b-51c5c425c8c8,前民政司姬達
439af15f-b607-4146-8efb-bfb468f80375,雷厲風行
6471cd82-efb9-4b6d-ab45-9b8fc54a3d48,香港警察總部操場集會
15962d8f-d909-40ef-8b4d-9d4ff0e40adb,施禮榮主持公道
4e3aed6a-34e3-47e0-b50c-80c41a3e33e9,麥理浩經慎重考慮
3a10cb7f-b0bd-4b28-92fa-7eaa149c3348,《警隊條例》
dc710ac8-d6dd-4b4e-9410-7689a453c718,姬達
670ac8be-3c2d-435a-8bb1-53604bb4fdc3,欽州市
36342385-0bf4-4bc8-b305-fc5ed5f68765,南台地
898f5d1d-aab3-43ee-b599-426d97b6f308,秦始皇
1a73c8ad-67d3-487b-8741-a5f7c00fef14,中華人民共和國
b2ace42d-5b74-4d85-9673-2c060b4c61e7,1955年
5a17eae1-658a-4f15-96dc-84391ff52570,國務院
8bf972e4-52ae-49ad-a6ef-cb2d582dbf9d,火山島
2266fd6b-4bad-43dc-a8e9-47a555e16430,玄武岩分布最廣
b9253d5c-d6c0-4ee0-96ba-052ac66b6705,台地
b256fcc9-24f3-4e2b-85dd-bc2bbfb20ef1,溫帶海洋性氣候
658a60a2-87c9-44ab-bd8c-11299b2c8752,北大西洋暖流
39617529-0d19-4d9f-b3d9-4253f4962ad3,11.5％
82e3baeb-9eac-483d-ab31-1d78cc7f36d8,1997年
077218d9-5a3f-4666-a23a-c2841f041c72,貿易磨擦終
8dc07ea9-48f6-46b6-a76e-00d51fd5a432,《穿鼻草約》
be8f5c0e-10fe-42f5-b601-362c50e00c7e,愛德華·卑路乍
5fc54c22-6fc8-4f42-b463-de8bcd24966c,造船業
71dd02ef-b95d-4626-8176-cd7b6554cf8d,九龍
0933cc5f-8623-4a64-b097-4fef04db4e17,抗日戰爭
88105ba9-4fdb-42b7-85b6-52b542aadc9c,1970年代
22863795-c323-4444-bdca-a403fbcf173b,大陸更低廉的工資
3fa5dabb-760d-44ef-8419-0f7af0d2d564,六年強制
a8267103-8c9f-4764-bf6b-416f7db6f3fe,中三淘汰試
c5a5c205-a352-4046-aea7-cdffa0a5c09d,東華醫院
51ccb45a-54d5-4850-a5cd-421efbae5e91,1874年
49659b12-7b3e-4983-a8ee-22df83edcf7b,香港流感
172c7ce8-be31-4656-9a0e-0a177e2bf6af,1967年
8e628c6c-7d58-4d98-bf5c-17ac2cc6ec0b,麥理浩爵士
c5e23dbb-4bf2-4d75-acf4-9ccdbc71411a,英文
b5b7484e-2365-448a-a5cc-091f66537d4b,中文運動
1f3a39ff-e09e-4ac1-8840-60483de21eef,粵語
bc54bbf5-6c67-4f44-b19a-e809cec58f83,繁體中文
ae29c6c1-4c85-4aee-bd83-765f20ad23a4,通商
bec6e47b-25b3-4d11-8fcf-32b4439296c0,《南京條約》
65edf37a-358c-41fb-9341-a0b1aa373a93,九龍半島
7a841791-438f-4b9b-947c-8b2dcc9efea7,深圳河
75b0e821-2530-4b89-abd9-a9b4632f5162,楊慕琦
55a5cfbd-baf7-4f7b-b452-bda9634506df,中港
51c76e3b-8922-4042-861f-4c11a42525fc,三合會
3d6d2981-f79c-4d70-aecd-27779568e75c,港督葛量洪
0731c0b4-db73-4093-bddc-da542e41a5bc,文化大革命
89066c04-fd84-4ceb-96c8-3b033cfbac86,六六暴動
ff27bbdc-9056-46e9-9ca6-e8f8f03f12ca,一二·三事件
b706640d-48cf-46cd-bfbc-d7f1364013fb,「港英」
3c256b3e-663c-4778-afc0-f64594de716a,「港英政府
6a3c36b1-16c4-4af6-a112-ecc7547d5c9a,港英一詞
0b5184b5-859e-48a9-9728-6e9a0f68b7bf,石油危機
a8d8a29f-eded-4be2-b8b4-f17c2281b020,地下鐵路
1b8d4316-62a6-49ca-8a70-e3f2b858a705,中華人民共和國
a8bb30e3-a310-40e5-b6c1-061cd097dc46,中華人民共和國
725de773-b673-4635-8821-f8ee5a5bcd63,1983年
463f4bbc-7ec6-4d86-8bc3-318d5e7c0bbd,《中英聯合聲明》
31e17def-c8ba-47d7-a8df-4b62986a0917,香港機場核心計劃
a29632f4-a6da-4941-a4e1-b52d994032e1,1842年
e190c8fb-5047-4c66-b635-226a121d5dd7,砵甸乍
e8a6f4f5-e2fb-48fe-af5e-1e3d8968fb38,1844年
6a7cf87f-ac6d-4a77-b30f-ffdce03c7aae,英國
e702fe33-af1a-48b4-8553-7ab711fc1264,1896年
2baebff0-4130-4de7-979b-66df19a15f75,自治政府
bf0ecd70-9f5c-41d1-865b-d2ffd71ef8d9,1887年
e4550851-e13f-4e9d-b9c8-d4a9e21bddf1,「放任政策」
2fdb7d61-767f-4587-b86d-7d37ab92054d,在化地部出家
45664055-4d52-48b7-aa34-2b3cd458f44b,中印阿踰闍國彌勒
430ad63a-fa55-4e1d-8fc0-772cf640b6e4,彌勒菩薩
c66ee85a-0af2-42c6-bbaf-57de80c515bc,拉丁教父
e40ae8b5-d97d-4d70-9785-e7d12fc272d8,公共政務
bc85b930-577e-4ece-b67c-6eff60787e2d,曾當執業律師
db68aab3-c3b2-4e9a-b88a-6bfce2ead495,格拉提安強佔
5d8ab030-1eb5-4d53-974d-8948a96ed701,勝利女神祭壇
f978e935-42d8-4de3-ba7e-aee2b6a6e1fb,狄奧多西詔書
e49936f8-3bdf-464a-8e27-2a02489d7a32,希臘
049adfed-39cb-42a1-97ec-2cfa6c0aad0f,希臘文
c072a99d-04ed-4908-b97d-ea7e8d34d492,基督教
6c00cfa5-21d8-44fa-a90f-87b7d870767f,粵語
f49af11a-b9b3-4f3f-ae79-ef19d6f47b3e,廣州
1736ce84-eea2-4ce5-be9e-72f76db174f8,六七暴動
b71cefb3-e285-4a2d-bf5f-a0c3479c1842,粵語的廣東
c103008e-0e48-4d8e-9c8e-83da52d80305,珠三角地區
fc0b2039-23fe-457b-a658-9fe082f95f29,廣東
2a1f5d28-12ac-4091-aa58-27a1318f7d87,鏽球菌門
51977e54-5ebe-4eb8-98dc-880f3e1b4dfd,叢枝菌根
7ae2093b-c6e5-4117-a445-96ce8785b449,聚合菌
b88a116a-2fbf-4398-bf44-f0fca4bc2413,聚合菌
4f1716f4-c5a9-488b-94ff-ad4f043b472d,附生植物
24b31ed7-7cac-44e7-b06c-d354f9aa6f8b,聚合菌-念珠藻
e24e7a11-9a47-47da-93d7-b12775cabfa6,球囊菌
4f332c9e-3f29-40c5-ac86-8129b91e0033,1998年
f1f98946-cc2d-40d9-b40c-669ffcce44d8,明長城
7b394fef-8a41-40b2-9ea4-5efa92367eea,清代
e6bc9138-ce43-4018-b3d3-597a1d75d87a,塞北
bc4e7c86-3417-475f-b045-176c91dba7c5,因斯布魯克
a7fd767a-33f0-458b-afc0-03ac9fda3a54,阿爾卑斯山
317f27f4-8c12-447e-a7d5-78b99b9dee07,因斯布魯克
f3d73cf0-a5da-4ced-ba23-aaaa11c92f46,羅馬
022384d5-edf5-4f38-93cc-dfc2450c1d48,4世紀
df3abf3c-0ed4-487b-982a-9f97ab9d7e0b,4世紀
c66dcdf1-21ad-421c-9018-c7fb5568f7dd,馱馬運輸
2b3e1bdc-f877-44b5-a77d-392279dd0c4e,因斯布魯克
2791e247-d464-4190-b56b-38fab3ded9e9,1665年
2d56c6a1-68d8-484a-898e-b18e494c3318,四
062cd645-675f-4895-baff-58758fcd6a24,因斯布魯克
26ae39fd-ba9e-4f9f-bbdf-aaf98868a40e,兩次冬季殘疾人奧運會
28d837e7-7a4c-4b82-93bf-f293d6519559,美國
b6ec56ff-17d8-43ca-b093-c9130e2d49f9,1980年
8cea589b-8e85-4819-89b7-78400204b92a,夏季
934b483b-541b-474f-b1fa-6bee85942d41,瑞士
860ceddc-520b-4f34-9ea8-9a7de0c6033a,阿爾卑斯山
8e041f59-5c8a-4a96-ad06-d59633a5fae3,慕尼黑
df55f4d4-f838-474b-a9e2-4c55a3961bf0,長途汽車
d9bab795-b86c-4cac-97ed-64519e57b705,無色液體
404018a5-56ac-4deb-ba20-a3f3b817856a,無色晶體
99c74f0b-a5c1-4955-bd0d-81c8a9ce6d49,8世紀
ae05dd84-d73e-4ba5-b971-32e12325af19,氫鍵
a543fb74-ab3b-49af-9262-3819ee3934ae,中華人民共和國
690640c4-7853-4090-aac5-3b7b94e0c12d,沱江自北往
09ae3f6d-b5e8-4141-9e54-05c15d32d098,民國二十
28dcc473-af23-4b0a-ab30-634c472b305f,《辛普森家庭》
f415daad-4777-4237-9754-a87eb0835889,家庭類情境喜劇
bdd022d4-3101-4c23-a5c7-52697e022b13,美國
464d380a-41b5-4253-951f-1d51ede9b1d5,冷戰時期
2a4c2e1b-0bf7-4a95-add8-735f9b7e2546,地理
ef3da394-7a6a-49b0-983c-29858995fafd,東洋
0dde22cf-a265-46a5-9e9d-09b6459a19da,凱撒
d795a202-7cc0-4d14-86e6-ae4043110da7,奧古斯都
efeb707e-e33e-44dd-8efe-e4b07344e941,養子
8a12f6bf-57d7-4582-90d9-fc90b443f28a,尤里亞．克勞狄氏族
1a8c92bd-48de-4f77-883d-f6fd13169972,農藥來預防農作物
847c358a-011a-4cfd-879b-5065d4247b49,維蘇威火山爆發
ca1828f7-2363-4c18-86db-57ab5df3e682,15世紀
d5ad3d87-48ca-482d-9dc1-1c8276f7b6d8,尼古丁
1552c60e-678f-4d47-bb05-5e56501312fb,魚藤酮
8ab986eb-16a1-4299-bc16-17ba7d770555,生殖能力
09d392b6-03c1-4849-837c-dc594c15f8c8,《寂靜的春天》
1b09f77d-7df1-4b22-abee-6b1f260f12a3,傳染病媒介的昆蟲
b3f7ba46-0ba2-41f9-8b2f-8ba168e96632,瘋長
481ea768-35cb-49f9-bd62-864eccd18d38,1992年
b6812e4a-b27e-4ffb-a334-93575a7a7755,雪梨奧運會
95556da5-bb97-4afe-999f-103af613480e,武術
153ae9f3-a162-4bbc-a4fc-1c89df57987a,修心養性
8a941b1b-7358-4022-bb5b-e4a04dd0ca50,不記名投票
ea59857a-b085-494e-9ebb-b2a59cd95e32,踢擊
f8af539f-dac2-43c9-bc2a-12fe89facebf,踢擊招式
5ed798ec-4046-482d-86c9-7bd980a4838d,崔泓熙
5eda495f-7578-4fdd-9203-ee4d0cd5a575,崔泓熙將軍
be825427-c22f-4885-850d-a592c38d9a0d,國際跆拳道聯盟
f6677735-3569-49d4-bbd1-379adae0435d,手部動作
81cde2c1-279a-4f09-8f53-1195eb0da9d4,世界跆拳道聯盟
1d4a72d6-f7d1-4931-8508-04c98993ec29,嚴格控制手技
cadb2612-f9e2-4fdd-9503-1c5aa207416c,烏克蘭草原
6d2c5722-32a1-4805-8883-1be3a3fd9b7d,趾端有馬蹄
faebad1d-13aa-4171-9aac-43a2270f851a,始祖馬
7fca92fd-0469-44f5-b34e-1f23a17eab31,三趾馬
b5017912-3c1c-4d84-a411-4cb37f67b101,恐馬
d28a621b-4054-4a04-9c05-44c07c3a9d40,北美洲
94a2b672-88cf-4de7-9eaf-de13bf9c73fb,冰川時期
8f22bacc-f34f-4fed-9c71-08f249f6875c,中美地峽
41bf1db9-317b-4d80-be27-7492ef958d74,奇蹄
918c21e0-d5b9-4623-ace2-8a26a46dbc55,工業革命蒸汽機
12005e01-dd33-41ce-adcc-c124dff5833c,戰國
c4bfa5ca-1b5a-4d4c-bf9f-f3a511b12795,波斯人稱爲
daeff1b8-dbdb-4969-8a0c-0ced97c66382,20世紀
c6231b18-3f75-4e46-a9ea-dc1d88c30eb1,伊斯蘭教律法
d382c4fa-aced-4fff-8d83-0b932f394710,日本人認爲馬肉
2c92fa8b-510f-4802-8ca4-3c46c7167bea,美國
ce4e84ef-3e96-4738-8d39-d6daa2d81236,馬乳一直
2f4305f3-5979-49eb-af12-d5cada8e39e8,突厥語
0917a001-f0d0-4b6d-b915-1c1cc876f39b,新疆和田地區
e82f94b1-b989-4f34-9bce-e06db5d82325,白石灘
c4ca0c05-c590-4d80-83f8-a746733e298b,高海拔的荒漠
3806e7ce-b42b-4174-9bf0-554bb9d78242,西南部
cdf10ace-cfbd-4826-aa89-a499a6c325cc,喜馬拉雅山
878c7536-f0de-447c-a348-8523be85e873,阿克賽欽
abd872c5-3f2d-48fa-935b-469c1fd0223f,1846年
09dc9ee5-87ec-4914-8e23-68e77b33c7b4,詹森
ff5b8a44-ccd3-4d1e-8e1f-73dac4077529,西方經濟學家
3b1584d1-ad6a-4ca7-929b-0039191f7ef5,國際交流
cb22dd0f-8ef8-4677-9858-c98e38b8d3d8,北京大學
2df163c0-76cb-4577-888a-8d71ea803a42,銀白色
d83c0b17-6a16-4483-b59d-07a67117fff4,二氧化鈽
a05e9967-4722-43be-b525-9151f977faff,屑狀
e68b7f1e-2753-4b5f-8ad7-5033c90726f3,操作
d41939a0-d529-47d9-a96f-bf27c23864f5,2.41萬年
923ca7d4-ccd2-47e7-ab4e-0e1f3edfc966,熱量來源
1b6ab194-828a-4ea5-8570-a3c0a5fd4d4a,曼哈頓計劃
ec75cec3-0fe6-48a7-aec0-0efdb6f1941f,「胖子原子彈
d36e6d45-931d-4244-836b-c2f267fba576,暗灰色
76500457-9298-4292-b083-756bc360409e,α型存在
08a139d7-63c5-463d-93f5-537f7b76e386,製成合金後
8ac3c558-7da7-4f7a-a3cd-3ceae2040a90,社會主義國家
5ff767c8-e81e-4ae0-8688-e2bfba8de1dc,莫斯科
ce01ae84-eb53-4b31-b65c-9da0296c48d9,布達佩斯
65626bce-7828-4f65-9111-30701f0d2576,觀察員
72436ca3-56fa-459b-aa76-82213ef534ae,社會主義成員國
d54bcbb4-d41e-4b16-bb56-536082ee45f8,1991年
f43a945b-d81e-4f74-9547-0e4078173d93,東道國
88d3f6ee-548c-4e1b-b295-7b288ba30cf9,俄文
20cff800-7449-4447-8611-93201a329c50,MCC
4898b41c-6f6e-4b0f-9dad-d09dd61a7b3a,陵地形
c87c1821-472d-4639-abd1-a049b11de175,德州大學
e0dc1f75-5137-4d3a-a7b8-eaceb56701cb,奧斯汀市
b21d4219-1db9-494d-83d4-86378cfccd42,環城公路
6ee3c79b-a6dc-4369-938d-e5b89af6994f,德州環境保護
32a3543a-09a7-472b-a683-eb64e8efa4ee,石油的倚賴
f01ef7bf-efb7-42f4-9853-30c994a053ad,亞洲足球聯盟
9cea5745-005c-43e7-ab99-10262be47211,香港
7b466c2b-38c1-4f45-a5c7-d707efd8537c,1956年
63fe1e44-05ef-487c-bc14-775c18bac983,開發中國家
efedd5df-8b12-412d-abef-980d6f0fdac6,亞洲足聯盃
29a78534-7661-4ab3-b215-343e3c5ff0f6,1個準會員
f6c9c71c-dcca-4922-add1-c93260425179,北馬里亞納群島
64dc84bd-0c16-41e0-9eda-ed695047105a,亞洲
5cffe322-d7b3-4b35-8d0e-4c063bb61bde,紐澤西州
fa6723e6-c17c-4e13-afa5-198f7be412cf,澤西島
494b1f4e-274a-4934-894e-d4861ca3ec7c,550公尺
fc0db061-b1eb-496e-859c-1a04abebbad3,州際高速公路
58c80924-41d7-4d99-93e5-fd01374ae7af,紐澤西收費
e1050773-a509-4e72-b2dc-97ad61665938,硬幣
d1ac5777-b908-42f0-adda-c7fe8de81418,1990年代
29a7ae1d-6be0-48e9-a6fb-459d71b38e76,1930年代
2d0df8e3-2ee7-4426-945d-191909a0d840,波士頓-
461f93df-fc54-4c54-940f-3ddaffd7449b,17世紀
bc51d762-f27e-43c9-8d5e-373886ff2a47,英國
aaa085ac-2437-4a2d-8870-43a707e92721,查理二世
38e44687-4046-4a83-8579-839fd4bf7aef,柏克萊
74c0577d-066c-4973-ac8c-dd98a8122b28,1702年
31d55106-4877-470e-aac3-b6d539297295,1776年
e1975da6-36a3-4c7c-be2b-31ce04b656a1,美國獨立戰爭
f398af6b-65d0-47cc-ac24-2ecdae175fb4,孟莫斯之役
02b7f8de-585d-4d36-8721-a57c3a03c91e,大陸會議
307d8d50-2586-46f0-b724-cef27aa87ca3,1804年
45857eca-2ab3-48d1-b7d5-e0313d50fcee,美國內戰
14223088-9bdd-482a-afd7-59b7f3af7f48,1844年
61ceecdb-907c-4965-ba79-ca408ba99655,紐澤西州
cc9be4a5-2ce5-4a83-b284-6b747ce42e4e,農業
0e43afc4-724e-450d-b90c-eae9cdd9e042,紐澤西州
63150a23-d8bd-4e9f-a694-2a4b50d35814,二次世界大戰
0175e3f8-c434-4a96-9e6b-e4300d7ac054,紐約市
371b6054-fef1-4ae1-9ca6-7121e9658814,民主黨
fe817f65-db4f-4653-9b49-46d5b7017245,2009年
7e7b81d6-21b8-4be2-9e4c-fe830f84a850,德拉瓦河道
659db274-fc0c-4961-b5a2-420898197122,紐約
72c38698-e42c-4d85-b801-32e7a45291fd,寬泛地分為北澤西
28891d78-63b5-47b0-82a4-fb0d753b1127,北澤西
4f3bb7fa-c87b-4e66-b9ae-d0bb8a4ef267,南澤西
b4f5fbce-691b-442d-93d6-ce37cf372cce,紐澤西州商業
d4f198ff-64f4-4113-aa86-4511ed582330,蒙塔哥鎮
da6dd026-e286-4edd-bc83-73330eee3451,2010年
bc6c188b-e93b-4e9f-af88-709f5268b7e0,蔓越桔
32dde4be-7b4b-446f-bae5-e9a88f738bf5,化工廠污染性
c188f89d-abdd-4929-8637-2fef3a8749a9,拉丁方言
50c760c9-d729-4e75-9aa9-2aca45ab5643,地區級
2fe24748-8f4d-4765-b32a-1ff11f0845a3,羅曼斯語族方言
54551339-26a3-4e16-bc17-13329518feca,吉普賽人
d596777f-5d4d-4c49-bc35-47f4d7b6c1a5,福波斯
cff15b32-c737-49b0-b985-c418cd40f462,福波斯
5f338444-0599-411a-a619-5d053fc045e5,火星很近
0cd22a29-07b4-48fb-8ca4-6acc6608b679,1877年
11651e43-7e83-4e25-b26e-788190f3c797,伊頓
c63bd002-5232-4e9e-811d-f76aad9185b0,碳質球粒
6ee4b118-6deb-4276-b222-a11a7dcd99c0,密度非常低
17339061-05ce-4289-a130-a3b2f701b392,安傑琳·斯蒂克尼·霍爾
e6d38839-c610-4591-b372-e855e70fff94,溝槽
c999ce3d-cdec-4abe-a0da-104ce6279e3f,年代
45b77111-692e-4b2f-8420-c4d45c597334,機遇號火星車
e1a3ab4a-d40a-46dc-b916-810cc72cfb5e,周期短
bac21d4a-a8a4-49ee-b1b0-495d3d8658c3,一千一百萬年
c9a15e58-9e67-42cc-bb0c-86aff58a87b7,北部
dbdba1a0-4be6-43f0-8f04-2714cc6fdfd5,孟加拉灣
f7361827-3214-4c08-b376-5cead24605dd,孟加拉灣
cf5bbef1-bda9-43eb-93d2-6bb752ba0e21,英國探險家
775ad6bc-9784-4715-8761-4eec039cc020,16世紀
40275ea4-60d1-436f-b6aa-6fe196b78320,格陵蘭島沿岸
8e906462-d221-41c5-8241-998258db7d11,哈得孫灣公司
eb50a9a1-b3b3-4da3-89a9-dbc8927e6512,哈得孫灣
1bc6f809-5cb2-4d27-9e2d-f26dcc9c78af,烏得勒支和約
223f823e-56e6-423a-b8bd-737bec466e4c,邱吉爾港
589bd10e-fa7d-4282-8f06-9182ad5ffa64,加拿大西部市場
8249f72f-465b-4186-bdee-f616a32dd16d,「哈得孫灣低地」
a4dbbd51-0f43-4a56-980b-1e9b11002f6b,「厚苔澤
4aa2a352-b78d-4e97-883a-0ab845c9a028,抬升
56d238c3-fd3e-4ef5-872e-e68b6b4fd184,白色的熊
2f992fb0-0976-4326-a335-a39c0e082866,內聚性
99a88510-9681-4759-a70b-ce7493542920,電腦作業系統』
1e6a1080-8b12-4e79-a1d5-233a339eeafc,API
a5212013-60c2-451d-b92c-3dda61aaa41c,1873年
fc82a715-7455-48ed-ba16-12e4c669bcee,《世界氣象公約草案》
3fff768a-d4a2-40a3-bdaa-3b441a7c2125,1947年
d8b23114-47e0-4963-aa47-19cb0dc7a60d,1950年
13e80183-b4a5-452e-ade3-0385556979a7,1960年
23f5b3c5-9d43-41c5-9b12-6cd78335bf1e,五個
81ebea0a-f741-473b-ace2-4c64ca9c69a0,國際貨幣基金
a1cfae8a-26b7-40c8-bee1-cb3f6d4f57cb,2001年
0c05700c-6acc-4ecb-9c12-64a5e5ea5c8b,《
1756026d-35cf-4cfe-b804-b3dd2ff3b79c,2002年
52e9ceea-0941-447d-a384-62bbf82bdf20,2010年
ce2de80f-9a73-46fc-9f4f-ecc51d756698,中國
31a6fc3f-8609-4736-b7e6-20a1a97c0008,2032年
0cc638d9-b2aa-42fa-ad32-a6e8c95d1b93,政治合作協議
221c53b7-9574-4acd-b60b-a68f3bea882b,中國
f7c89534-4819-42a3-b5d5-389c0a123f88,原材料
a5695145-7cf0-4095-9daf-eb4403e6d582,俄羅斯有極
27fa332a-1fd3-4226-9488-c79a8dc25536,2004年
4529f928-2719-494d-b5fe-281ba1248cd5,聚焦
d1602066-5fa8-4747-a6ea-5d3248297038,印度
551a0290-0e7e-4ce7-822e-d01c22978b99,日本洞爺湖
eb263a5a-667c-46fa-a6aa-c185a5d93491,俄羅斯葉卡捷琳堡
1c8c1eb2-d481-4c64-adc4-c0ea4d706fe6,俄羅斯葉卡捷琳堡
9c934def-bcac-44f9-9ba8-e10c3996380d,西方國家
b90c24f6-582b-473d-a7be-57db63a86cbb,巴西
a60db30d-1bcc-4024-8cc9-0188baa547c7,中國
229f1825-b1ea-44a0-bd8d-a270257a16e8,表現不佳
3eb76a39-8a38-4718-bc23-88f720f868c7,固態降水物
90cb14f7-4270-4253-af3d-c33ddf1c61fd,固態降水物
34c64a30-64e6-42b7-ad5d-a385b2a3ee21,對流雲
9e482d21-ee3a-4b8b-bf30-bcf066a1734e,凝結
a19fd2f0-bcc5-4f8c-b9ef-e590e035b612,積雨雲
eeb902e9-1bd7-4423-88cc-cacc1def9518,冰雹雲
8d0f4600-c940-40e6-b02f-fe9ba7934327,雪花
ce1af27f-715c-459b-906c-478d8cbff83a,冰雹粒子
ef8a10f7-0717-40c5-a439-ffe79217979a,農業氣象災害
61f33a47-ee06-4bdd-b845-69df4a2873ce,受熱差異大
de5977bd-38fe-4e6a-b931-0230cfb998c9,第一次世界大戰
f04db8c3-c784-4926-9c9a-d7e533662df7,1927年
bcf8bf0d-8882-49f5-8cb5-d772b8734661,三大
6e65141f-dffb-4e7f-8d4e-9af43a5a461c,麥可·約·傑克森
c4df64d5-6dc6-4b5a-9259-cdfcc58ee3c5,1964年
87bee5aa-5e78-4857-8a6b-c0e2eb1db6f2,全球音樂電視台
6dc0b434-71b0-4432-b553-b34ef7ad6755,1993年
5cc41c6b-dc76-4fc0-b6af-1a7dc764562a,1993年
f2301843-e56a-4e93-9e7d-7876256d238b,《危險之旅》
b1d93754-077f-414f-8511-5b47d287d392,個人藝術家
fbb4ce2d-b111-481b-b13e-0740aa736e1f,千年流行歌手獎
ca0d76f5-9721-439e-a2ec-939382503cc6,2001年
ff15c715-95b3-4595-9c43-e439ad5194dc,美國電影協會
20b1145f-d1ec-4892-9033-ded39db80237,人道文學博士
0e94fbf7-e0f4-4741-be47-b2ab7461e70a,美國聯邦遺產稅
01199710-bedc-4e16-a071-2c0baba79f87,《顫慄》
c8c6cd58-7e85-4866-95b6-197890f58b30,傑克森
57626b58-3816-4f9d-a4ac-e353144b97ad,4億
84f9d7e9-9353-4a1e-aee0-089624abbbcb,《愛情
604679a3-8d1d-4940-bc32-bb1a0f578dad,2000年
822301af-a1b7-4f3c-89c0-f653b38deaf4,90年代
0de92e09-d80c-4b55-949c-5e60bff85d35,傑克森第一次
2df43f8a-4b1d-4a62-aa24-170d5745ba60,傑克森
d014abd2-102a-4869-93de-65561d9d933a,8歲
965db99d-31ac-4cb5-b906-246ece42c3ee,艾倫·破塔斯
c0f4f678-9c44-4fe5-9daf-6e0b99229f52,布羅特
60e99292-a9fd-450e-b6bb-d559e3f60249,《四海一家
7323d7d8-d08d-4993-9471-c57fbc2c1b9b,漂白皮膚
eae3cca6-61a3-4bff-9d29-52cda91efc7b,紅斑性狼瘡
71d7b6ef-33f8-41f4-a960-3539bba86b7d,「舞者
4c7fb189-12aa-47cf-9036-f6964d99faf9,神經性厭食
02cc0a4a-12fb-4074-be0d-f47e73845c80,1988年
6f53c047-fe7e-4341-8132-db456d9f8d8d,酒窩
fc9b0be2-07e2-4a38-bb93-697075205868,青春期
6b735236-72ef-4a5a-84ac-09589aed1a95,伊莉莎白·泰勒
3cb9c80a-47c4-4b24-9163-fd78f05d40ea,流行樂
97cdecfa-2d83-4bc2-849a-3fb54093224f,索尼續約
31c907dd-9a21-4550-919a-e3d5ec266ddf,《危險之旅》
830b099e-99c0-4202-879e-8a7811c7c50a,《危險之旅》
1f30be6e-91af-445d-b194-49e306b0a77f,《治癒世界
6cb98c35-b6a9-41c4-8517-839530fa2585,《夢舞詩話》
7f5e816a-482b-4c1c-bf2a-f9d31acd3d26,雙日
8623d9d2-30c0-45dc-bfe5-de9b205fee04,傑克森
78db256b-a11d-42ba-8b1a-ed941179bd6a,北宋東京城
e8a0be68-b0c7-4473-9b00-72e16ae8ad24,春秋時期
442b6b9c-3798-4a22-a6f6-b2ec7ccd2c70,漢代
0e1a18d6-69d0-4450-9c61-ab97b2b848fd,元惠宗
50ed6e78-d5b3-4c22-a247-8f0d01e783e2,呼吸道
2333e921-65b3-4cba-b3be-926d1beea0c9,肺腔
3f35b5af-66b5-484a-9813-071ad7a6997b,昆蟲
2d69b229-2403-416a-bf45-9b8994d08ded,通過鼻子
bb6778b3-bdd5-4813-bc8c-279894b8ca8f,缺乏橫膈膜和胸膜腔結構
379a7b62-3146-4d1c-8c65-f964258a2389,鳥類缺乏橫膈膜
16b2fe0a-21de-4fae-8c1d-96002e6cf76b,龜類則
c1912fe0-4714-40ab-8ede-181b9e666547,肺
abd69d77-db17-4d67-8107-0757f7caed1b,肺魚類
8fdfe25a-4ade-48dd-b5e6-9ed445a9b666,肺魚類動物會擁有一到兩個肺，攀鱸亞目魚類已經進化出了一個特殊器官，這個特殊器官允許他們可以利用空氣中的氧氣進行呼吸。大部分昆蟲都通過其外骨骼上的氣門進行呼吸，吸入的空氣通過其體內許多微小的管道到達體內各處，直徑較大的管道稱為「氣管」，直徑較小的稱為「微氣管」。這種氣體擴散方式在短距離氣體運輸上比較有效，而長距離則不是十分有效，這也是為什麼昆蟲大多都很小的原因之一
f4f09b4f-6664-4653-8a2e-877ae31b6418,性鹼中毒
f5c55943-53fe-470d-bcc5-b29acb7119be,二類細胞
a29ea8ed-a542-4217-9fe6-0b9a65f103a3,肺部的壓強較低時
c43a4a84-2b8a-4046-8f77-c8d49cc452db,上皮細胞
30179769-b28d-4b3e-9301-ce73ad2ade63,抗菌劑
a063a31c-736a-4388-b5a9-cd1c8424821f,呼吸道
ee09c501-ff62-4950-8be0-e20e22cbd37a,纖維蛋白
6dc55db7-1611-458d-b84c-be10fb1b9260,滎陽
3d425088-ef22-4bb5-adef-b67181750a04,2010
f16d0c9e-e674-487e-a778-7853d753ae89,河陰
62138018-0d10-4cb8-be07-600840504b95,國際太空站
f7315bd8-1581-41db-92e5-b08e6d236a8c,六四事件
558e77d1-a869-4ef7-998f-9becfd50edbc,俄羅斯
f73ebc2a-9bf8-42fc-8d03-525e8c0c4c9e,66000圈
f2ad2a12-528b-4963-9b68-5da44f7e473d,2020年
ead47f73-0e82-4b68-a8ee-297092eb93fe,阿爾法太空站
2ff5f589-acf6-4930-b3e8-a00c5742d431,丹尼爾·戈登
7fe67ab1-6cdd-402e-ac20-a2c1db7348e0,阿爾法
71a28993-8823-48ac-9f5f-0ac23ff81775,洛迪恩推進動力公司
f6244c8c-24b3-40fe-af36-41b0ced7f4ca,1993年
33c4e6f0-10a7-4a5d-9801-fad68303f7ab,冷戰
e32937b5-c89c-426c-a312-760455bd4d5b,美國
aea7c650-3640-451d-ac8e-70cf42afe849,1998年
4255cd66-e96d-4b4d-9685-336860b47a98,哥倫比亞號太空梭失事事件
904340a7-5509-45a2-88c1-dde1443e1b11,紐約
b5c807cc-8691-42fa-a96d-e087a49405c9,2006年
8c19150a-c915-430d-a210-b87d918fefc3,太空漫步
446a922c-296b-429d-ab95-c03f894a24ae,7天
e0a7093c-b43a-48d2-9ce9-fcfc6bb49add,木衛三在木星
b23f1808-c826-4760-be01-70531682883e,200公里
0a49aa03-27b3-4585-be78-edd2d41170a6,潮汐熱所
a71278a3-74e8-48b3-902f-545073c4bc13,2001年
9dcfcc06-2829-4837-b014-e1d2547800b8,伽利略號
e6f6cbd9-75aa-4f6f-a9eb-268c1c4119e4,美國航空航太局
580d91a4-17dc-46d0-9210-bef576869db3,富鐵
eaa83d14-f0e9-4a15-b920-07d139319bcd,向外擴散的場線
b52e3b45-37df-423d-bf2d-57ad09be1432,原子氧
5cd69081-b8ac-4099-a850-a3e6c13f282f,伽利略號探測器
c2edf61f-734b-40c3-88aa-34c715acc9e0,第四顆星體
1d56b912-fb95-4947-85af-90fc7f917410,木星
a9ed67d6-449f-4e57-8916-fd5924eab436,美第奇衛星
0cf3d480-8cac-4511-8d74-18095195ff12,木衛三
8598b063-57b6-4a56-9a9f-f4ecdb28fb12,木衛二
0a68a815-fa8e-43aa-9e99-abf604feb50c,兩者之間會
0eee63ad-3203-461c-89f5-3eeac2833820,岩石
aebe831e-3b32-4281-852a-2447c6c9f557,冰體
af98e14c-e4a9-41bb-bbd1-afaa58c8285c,地表下的海洋
ac88d1a5-2485-470e-9897-c24fee001994,冰體
60cb1813-5d3e-4df5-9773-a44a42aa3e0e,冰體
3580a75b-e5dc-4078-bba5-3102deea4d36,伽利略號
55813de4-a852-4c6b-9b45-757ebca01a07,尼克爾森區
211be622-22e2-4fe5-b421-e3f6b73c0725,暗區
63db0515-a43f-4692-adbd-bacf421c4f3b,撞擊木衛三
8b0a7a5f-7e59-43c2-9636-ba960c9efbac,軌道共振狀態
16f5c3de-6109-49fd-b183-717cb449e2b1,暗區
782b0aa1-4247-4179-bde6-5d969950fc5a,槽溝地形區
c1cc2546-7dd0-4db0-a420-33080cb45e9c,40億年
9c3b6b31-dfac-4f70-8528-49a173de6573,水星
f74f9e38-2c17-4347-beca-cf265495771d,變餘結構
a88714cb-f1ba-475d-8735-10f1def09b5b,伽利略區的
21ff6cb0-d9e8-4921-9902-a907a50893af,霜體
9eb9d93e-a502-4d83-817d-1d1e7f48308d,圭峰宗密
78479ae4-4672-48d4-a3bc-9ec8a11a2400,如來藏學派
6faaa5ec-9fbf-4e5f-bea4-50249727acce,中國
014b8ddf-7c91-4954-83de-7ddd97bbd277,塞內加爾
348a04ff-47b5-4493-b551-333fba31c56c,甘比亞河貫通
47a23182-7308-4175-abdf-58335a8b0d58,加納帝國
4f5552d2-9d76-46d6-b290-d323045a3674,庫爾蘭王子雅各布·克特勒
05941112-5058-47ca-a8b2-0f594eb16778,17世紀末
ddf12224-6627-4c86-bf9b-768402f1e37c,1965年
f03296c9-102e-4535-b6b1-dc3a217b946e,24
a3fbaa92-a83d-4d8d-96d2-e0067c52c4ee,2006年
b472bf6c-beac-441c-91e5-ec13239a6165,塞岡邦聯
08876756-0876-4f91-af87-75483477025e,邊境稅收問題
bf761f31-217d-44d4-aa95-eaf36571b440,賈梅
30ec4e15-4ffc-43fc-a378-a96a9867fbe6,2016年
85d874d5-2a8d-4f20-974e-7a78105d306f,王毅
1117f240-08d2-4560-a87c-3c4f1602a612,基督教新教
181c92dc-f3c6-4892-8306-1bb8f8c4f46c,美國
05555dd4-c6e3-468b-9759-358dee9fee8d,第三
17c5ee6f-8697-47eb-90cf-6f33b494cb5c,1918年
262849a2-64b1-4d5c-8112-95fac4b9c69e,華納兄弟
f68a09a5-e342-4c5e-b4cd-7aa7c92778cd,二十世紀福斯電影公司
8513dba1-50c0-4a79-994e-cd9e666747cc,米高梅
0e278358-8267-4801-8434-e6d13fdf317d,伯班克片廠
c26ec80a-c549-4f52-b4f3-3829e4bec8e5,莎士比亞作品
e87bd903-3296-47d7-a355-d40d4249db35,華納公司改而
1d2c4f2f-b945-4ef5-bdc4-7baf814a0cd7,《恐怖森林
8c3327cb-00ec-4399-a8c4-060a22cc52f0,貝蒂·戴維斯
f076189b-2121-4401-9dd7-2c5fdc8d787a,華納公司檔案庫
458a975f-832d-4862-89d0-58117e96c7ef,1977年
d9a9e48a-b973-4af9-80fd-043abc35ff27,中國電影集團公司
33371bd7-eacb-43af-b90e-1a138205b0fd,華納
fcd9a437-c8e7-40a9-a191-47605b691396,2002年
e7d283cf-27e8-448f-8b9c-a600fe3320a2,控股比例
b63ad815-8664-4573-bcd1-60a41cf5a111,2007年
edc1d75b-267b-444c-aeb3-f07d9b15ec98,香港鰂魚涌太古坊
38caa78f-a01f-46e4-b0ac-4e0940a4de7f,華納公司
29f548e9-bee6-4531-8c8d-da6e392bf6dd,1998年
d52d0ca4-1fba-4fd8-9aa1-74e78a8a8fc5,11個
2fe3c3e5-ad72-45ff-a726-ae2d255bf7a1,猶太裔
0bb9edc4-4b7e-44f9-8ad2-99410b80931b,1903年
a220c3d8-9618-46d4-b5cd-9d1834d6761f,煤礦業城鎮
7bb5fe4c-9284-4906-be76-83775e093927,山姆和傑克·華納
39ba128a-63d1-4013-87e1-115f642d8ea8,《爵士歌手
f3ac4d01-fc30-4ab0-929a-a7d1478c69d5,《爵士歌手》
42eca218-60b9-49b5-ad5a-5b94954113a6,山姆·華納
cf5f9bf0-9e83-4f30-a95d-4c105b87759a,艾爾·喬森
f775e94f-d730-4892-a9eb-4e6fa2f5b139,《爵士歌手》
834e04b9-1328-4856-bd36-73a082876fff,斯派羅斯·斯庫拉斯
fb161f05-9124-40cd-bc43-f929145ac770,哈利·華納
52a65aea-6426-4b13-aa17-83639be6a2c1,《諾亞方舟
7fabc816-693d-41db-814f-094a2d053035,1929年
c78fc50d-424d-41da-94c2-0cfb767be7fc,美國司法部
37439f70-8c1d-4eb8-9d10-e068f80d8292,華納公司
89d57373-e73e-4b72-91c9-856f56ab8a2d,1938
bba0674a-f78f-4620-8592-08e6ad02e399,喬治·亞利斯
64987573-00ab-4670-8f14-4c15dae1c2fb,1930年
08866468-1d38-4096-b957-1d5bcde0d018,心臟病
c526c42d-621c-42fe-b709-d46e85782db8,《紐約之光》
790d07e2-7137-4662-b54b-48a385a4c1fe,華納公司
b5f8a894-625b-44b4-8ac9-ba506d96618f,30年代
41cb6fd5-d6d9-4e9c-9411-6b7be7a4959d,兩部特藝彩色電影
2ca0f784-ee90-4160-b607-1c37f6331810,1933年
98f360a0-3665-437d-88b5-e063fbe95d5c,《四十二街》
370c4a03-f672-45d6-a5bf-0c4f654bfdb9,巴士比·柏克萊
37b3c29d-b470-4005-bcbc-d3d3e4844ab4,1935年
00c346d2-0b0d-4ae0-9426-5b4643ea8a49,《鐵血船長》大賣
bfe6d833-900d-4880-8563-34bb6501f7d9,華納兄弟
bd5bdd11-449e-4885-9759-12ed6565338c,詹姆士·賈克奈
7a4ed053-7165-4e13-ada9-312ab568b354,保羅·穆尼
e2189d59-a54f-43b3-96b7-e3525cec5443,美國總統
7886347d-4d7c-480b-880a-0a0141f9fdc6,19世紀末由俄國
ff5b9352-db1d-4719-a2f4-f89947acb44b,哈爾濱交響樂團
e7c6853b-fa4a-40af-bb0c-e37ca95c6c56,1921年
64e2fb11-8459-4f7f-8d53-37537494be6d,兩年一屆
71715c8d-66d5-41aa-af23-b2536c35be6e,哈爾濱交響樂團
ae07344a-984e-4ec1-9702-ece21a41dd4c,世紀20-30年代
4553cc4f-11cc-4a7c-824c-c34003077c64,《第一屆中國交響樂之春暨哈爾濱交響樂團百年慶典交響音樂會》
492d34a2-c34b-48a2-a03b-ed801d8bbff3,北半球最強
5aebfc0c-454a-498c-8602-9d32cbc62f1b,冰城
94475638-c287-421f-84c6-565d87fb4138,1963年
2209e60b-29b7-4c16-9543-71ea015c1468,基督教
bacd403e-2bba-4d03-999c-2b443e52a426,1950年代
89b0eca1-6fd8-4fa1-87b4-791fac555e64,文革
417f0671-170f-4372-bd24-dcdcad82833d,哈爾濱
cd9fb045-e38e-4e4d-bbc5-3ecc766392be,歐洲風格
fa33176c-6964-42cf-8391-d3dd3429aac1,中央大街
934f1580-cabc-4a44-9a9c-1258006d7e40,1898年
c75af1dd-3ecd-4b45-bc79-42564ec523ca,道外區
f7db6c93-243b-400a-aebd-dd62e221d88d,中國傳統四合院
d6d6ba2f-33f2-4e39-8442-ee40b517e11c,圈樓
b9c1411d-5898-4ef0-8366-990aa830d539,肥水不流外人田
a63a3d03-4514-4fc5-a86e-b4c9b210a156,1996年
1bc624e0-9b4c-4391-95b3-95c8562b0cf1,2008年
f8f6bcc1-1bca-41ba-92d8-1ba0e8ea201f,中國哈爾濱國際冰雪節
f9a7f1bc-33d7-4d26-a4d8-22c3620e236b,黑龍江國際
938c4df3-daa4-484b-8d53-f6708939c77f,冰城夏都
714f6939-5747-41fe-bd64-ad804085b68a,2011年
c5e7e86b-2943-487e-af7a-bbde39bc4618,哈爾濱萬達城是
f0ab97a9-99f1-454b-a158-3522cc467487,室內
5f532594-e499-4a89-bfb1-31c45d7189ab,89家
8a95cc5c-4d02-4cc9-8641-ea2c37359e09,橫濱市
5e81fa9e-381d-44c7-85d6-c9fdc6e7ff62,東京23區
471e6601-46c4-4480-9d45-6e52860a2d4a,關內地區
641aa14a-3808-4912-af75-69d955b850bf,美日修好通商條約
7121ccd0-cbe7-47c4-a0b1-8a6fe29b0261,橫濱市轄區
abce6cb7-3f2a-4cc6-ab3b-a1e1ff37271e,丘陵
d79b7682-db9b-48e6-8354-9d27b3c3b630,大丸山和圓海山
333c93b5-fdb6-4b44-86c4-007d1cbe4d65,鶴見川沿岸地區
66a85fc3-e0f2-41b9-bf8f-e66f0074fc24,小海灣平潟灣
52433c07-7764-4192-b11f-c841b2d2c56d,首都圈的人口增加
f816c1c9-493c-48c7-a517-836628586aac,副熱帶濕潤氣候
07655935-9305-4a53-b497-6c3475248c72,1次
8dbce742-5b17-4ddc-8849-edb59f176cc0,67%
3ed73aad-9bc7-47ec-941f-bda1fde38334,北風
f532d7f6-c598-4a10-90a1-2320d1b705c0,133.88
848b2338-26e7-4ae9-9a86-e4401d5f6dab,1927年
e94df802-5156-4da1-996f-69a98364ab99,青葉區和都筑區
5b3aa5d4-79a2-482d-a24e-3f45dc63e54b,1968年
e8f8eb82-c27b-4879-ac67-f0c4e52aa16f,東京都區部
d11f39df-d273-402c-84e6-2f80c3d27001,東京
9f5fed4b-9e86-4b75-a20b-05e06ed9d294,「橫濱都民
a5721722-c7f5-4a94-9569-0c93bf5e292c,中國人
33a9e144-4c60-4484-bd0e-8682f11d9c47,1970年代
ca9ab687-2a6e-411d-816d-026651bb9720,自民黨
d4eee259-3e88-4006-8d30-3a85475932dc,17.0%
e24ba540-22d3-4db5-aaad-0f348702cc82,橫濱市
9345d9ff-f28e-4193-b740-eeb75cd4fad7,橫濱市
0da83ad0-6bc8-4176-ae04-a3edd8ff36ee,小松菜
3d3075ae-bf77-49c5-a91d-c0f5556fcab4,農業專用地區
b272f2b1-3fa2-47ef-8a46-e264f033a2b9,川崎市
8096df97-8614-4c5c-b194-71508a33c429,機械產業
8c29d4a7-27e4-433c-84dd-c613898a20be,服務業
a948d0ae-d1f8-40b2-8946-03fe9d131245,橫濱銀行
9613dcba-3d3c-4889-81ea-92897c138b63,東京23區
e632ea3d-cb9b-4ff8-8ce4-241ed0ce90b6,高座戶塚方言
ed33bf0a-4258-4153-a9df-9020492cc3ea,橫濱
dabd3125-7153-4535-973e-66c9351cdebb,東京
96126d24-1aee-42e2-9217-1601a492c39b,皮欽語現象
0477e5a4-9248-46b5-90eb-3f1b70a82776,橫濱
55af5ef3-78c3-4f39-b516-2923bbca3359,橫濱開港祭
28c0eea3-abbe-4815-be3e-033884eae2a8,日本
758bf1ac-5d3a-4a46-a461-a24a5109c6b0,橫濱港
bd2d3873-d04b-47d4-9018-1a5880be2325,花見山遺跡則
9e4450c1-13b3-4703-a1c1-790adf5de8fd,4世紀中期
5daeaaae-3ece-4109-a0cc-c3747b396d37,橫濱
9078bc21-eb23-483b-abc0-c84871974e8f,醫學院
363a35d7-a9c1-497d-973e-e1d4fa97de2c,神奈川大學
599c4e73-2454-4e67-b23e-4e26360ccdf1,橫濱市
00a1e7fd-0248-45c9-b1b2-3f51374f4499,橫濱球場
9d01a2c2-fce7-494a-a76e-e2b5152c0b9f,橫濱高速鐵道
842b2f8f-c79a-42d6-8347-3cc5b8142a24,京濱急行巴士
c940e4ad-efdd-4795-8d1a-3448d1348df6,東京港一併
b1318026-d083-4b44-a72c-d7f42f83eae1,三溪園則
e21b1ac3-9c8a-48a0-9c2e-2d2c93cea18c,橫濱中華街
f4216863-ee55-4ad4-9510-eafcc96cdb75,巴洛克風格建築
74c62a42-afe9-4c18-b523-2ff52b463d22,橫濱港
c29a644e-5771-493c-abdb-fd1ccaf00672,廢舊倉儲
35d8d8ae-549b-4db2-8b67-c0312f0c5440,經濟文化代表處橫濱分處
4f688d6c-b04b-4f0e-955b-71ccf187432f,美國
2fb34ff4-0c59-4ef3-9090-823ab29c9182,1858年
dff5a17b-b5e1-46d1-ad52-20eb20c9c55a,神奈川條約
7c182d65-9478-4a42-8455-9e14b3651ad8,中部
ff53a878-03d8-4660-acaf-3d46d01f103c,1878年
93ee4eeb-a5cb-4d4a-b706-2b0a337600ac,日本
ce4bb736-18bc-4bdc-b68e-c96856e156e1,東碼頭
704c1272-1d58-4790-93b2-3def60a06ad0,橫濱
9821c5be-aa81-4f89-87a3-5f0818d5c2ae,1909年
5c459dfc-0f4a-4808-a720-c4adc5023c4f,直下型地震
a9c4d413-fd61-4dda-a40f-66dcc0e48d86,1929
5f1db9cf-6ea6-40ea-b9e9-3230da7e78be,1942年
52379852-486d-448e-9ce9-daa36f456052,橫濱國際港都建設法
c4ac5b1b-1a90-4632-a2da-94efe53c539b,1951年
c3e8560e-fffe-4da5-bb1d-933a71c078fe,舊金山和約
6d0ab104-8c81-44d1-86a0-8f452628798b,橫濱國際港
7ac863c4-5ea1-46d5-8a2b-892a11444c7c,1964年
fa06f255-d094-4262-a9fa-c075dd9e36e3,日本社會黨
203d5640-877f-4f77-b272-04c2688596fd,飛鳥田
da3af7d4-39ab-475d-a743-b07331033b0d,1990年
0345fc60-022b-4611-831e-dea29192b0f0,1994年
6bdb7537-60fe-4ddd-9f78-7f3ccfc3ba70,高秀秀信接替突然
4bef1169-9f2a-4f53-bb63-59f654f21010,高秀秀信
d462c2f7-a5bd-46a1-833e-5c77630a7dd7,1999年
572ba78e-8a32-4a9a-8fd8-a1ebaf521d15,中田宏
48c7f8aa-8568-4d0a-a86e-41e57f80a7a2,另一方面
791d5079-3d72-4ea7-ba64-b85e1a0117ce,2009年
8a54a5e4-6535-461c-9c0f-87a92e60e383,廣場
fae98718-188e-444e-9f89-235f21d37ab2,橫濱市
8cb235c3-5669-4f3e-8987-607169073afd,700nm
f9f7adf7-3a8a-437e-9729-13a71cbe244d,綠光
0f60504b-3a78-4ceb-9313-20fa34a3c21e,白熾物體
4b71f25b-8193-44e6-baab-895a5dd79886,紫外線波段
f38695aa-21cb-4453-bf8e-6947a13393f5,德國斯圖加特
685430bc-c7e1-4262-9fd1-59c3ea9bb44c,1880年
af4fae31-85f8-4ab7-bf34-02c85290c6f4,1890年
f24cda22-299b-49cb-a089-6e8646e84e7f,清朝
6a8bd961-b382-4a5e-90d9-0dd6d57a2726,北洋政府農工商部
d1f3d8aa-82d8-4912-9df3-c29f0fa2bfa4,政務院
9959564a-ef3b-4907-abad-4ee1fd18f590,光緒三十四年
4e40c774-116a-4361-8807-f5d0b2279820,國民政府時期
910e3dae-f7d7-439d-b82c-1f953cde202a,1908年
25208ff9-e195-4131-8c0f-473af3136e3d,李鴻章
63892306-0f95-4130-9775-e63ca6c2ecdd,92隊
32e20ff6-4694-4aee-b447-850137983f89,抽籤形式
8ca3e58e-ad26-4e0a-bbaa-9ec80117e8ab,溫布萊球場
037c9645-65f9-4f07-93ac-ce8d415c9dcb,新北市三峽區
f743085c-7e6a-4cd8-84f9-ace22fe8a553,18個學系
4033f659-134a-4e9f-8b1c-450e21ac0081,2009年
f33fc052-a988-4af0-8452-5feedcc67b0a,左潞生先生
27f01a6d-aacf-49fe-ae40-50e7d32c1d98,臺灣省立工業專科學校
12ee4d31-0c6d-48c6-ba76-c2571d2bd4b7,初名
